DistributorID,Name,Division,Tier
DST-0,Distributor_0,Barishal,Silver
DST-1,Distributor_1,Sylhet,Gold
DST-2,Distributor_2,Barishal,Bronze
DST-3,Distributor_3,Mymensingh,Bronze
DST-4,Distributor_4,Chattogram,Bronze
DST-5,Distributor_5,Rangpur,Silver
DST-6,Distributor_6,Chattogram,Silver
DST-7,Distributor_7,Barishal,Bronze
DST-8,Distributor_8,Dhaka,Bronze
DST-9,Distributor_9,Rangpur,Gold
DST-10,Distributor_10,Sylhet,Bronze
DST-11,Distributor_11,Mymensingh,Silver
DST-12,Distributor_12,Dhaka,Bronze
DST-13,Distributor_13,Chattogram,Silver
DST-14,Distributor_14,Chattogram,Bronze
DST-15,Distributor_15,Mymensingh,Silver
DST-16,Distributor_16,Rajshahi,Gold
DST-17,Distributor_17,Khulna,Silver
DST-18,Distributor_18,Mymensingh,Bronze
DST-19,Distributor_19,Rajshahi,Silver
DST-20,Distributor_20,Sylhet,Silver
DST-21,Distributor_21,Chattogram,Bronze
DST-22,Distributor_22,Rajshahi,Bronze
DST-23,Distributor_23,Rajshahi,Bronze
DST-24,Distributor_24,Sylhet,Bronze
DST-25,Distributor_25,Mymensingh,Gold
DST-26,Distributor_26,Mymensingh,Bronze
DST-27,Distributor_27,Mymensingh,Bronze
DST-28,Distributor_28,Dhaka,Bronze
DST-29,Distributor_29,Mymensingh,Silver
DST-30,Distributor_30,Khulna,Silver
DST-31,Distributor_31,Sylhet,Gold
DST-32,Distributor_32,Khulna,Gold
DST-33,Distributor_33,Chattogram,Gold
DST-34,Distributor_34,Rangpur,Silver
DST-35,Distributor_35,Chattogram,Silver
DST-36,Distributor_36,Chattogram,Bronze
DST-37,Distributor_37,Khulna,Bronze
DST-38,Distributor_38,Rajshahi,Bronze
DST-39,Distributor_39,Rajshahi,Gold
DST-40,Distributor_40,Sylhet,Silver
DST-41,Distributor_41,Sylhet,Gold
DST-42,Distributor_42,Dhaka,Gold
DST-43,Distributor_43,Mymensingh,Silver
DST-44,Distributor_44,Dhaka,Bronze
DST-45,Distributor_45,Sylhet,Bronze
DST-46,Distributor_46,Rajshahi,Bronze
DST-47,Distributor_47,Dhaka,Bronze
DST-48,Distributor_48,Rajshahi,Bronze
DST-49,Distributor_49,Rangpur,Bronze
DST-50,Distributor_50,Rajshahi,Bronze
DST-51,Distributor_51,Rajshahi,Silver
DST-52,Distributor_52,Chattogram,Bronze
DST-53,Distributor_53,Rajshahi,Bronze
DST-54,Distributor_54,Dhaka,Bronze
DST-55,Distributor_55,Sylhet,Gold
DST-56,Distributor_56,Dhaka,Bronze
DST-57,Distributor_57,Sylhet,Silver
DST-58,Distributor_58,Barishal,Bronze
DST-59,Distributor_59,Sylhet,Bronze
DST-60,Distributor_60,Barishal,Gold
DST-61,Distributor_61,Khulna,Gold
DST-62,Distributor_62,Khulna,Silver
DST-63,Distributor_63,Dhaka,Gold
DST-64,Distributor_64,Chattogram,Bronze
DST-65,Distributor_65,Khulna,Bronze
DST-66,Distributor_66,Barishal,Bronze
DST-67,Distributor_67,Barishal,Gold
DST-68,Distributor_68,Barishal,Bronze
DST-69,Distributor_69,Barishal,Bronze
DST-70,Distributor_70,Dhaka,Silver
DST-71,Distributor_71,Sylhet,Gold
DST-72,Distributor_72,Khulna,Silver
DST-73,Distributor_73,Rajshahi,Bronze
DST-74,Distributor_74,Chattogram,Bronze
DST-75,Distributor_75,Rangpur,Silver
DST-76,Distributor_76,Rangpur,Bronze
DST-77,Distributor_77,Chattogram,Gold
DST-78,Distributor_78,Mymensingh,Silver
DST-79,Distributor_79,Mymensingh,Bronze
DIGITAL,Digital / Self-service,All,Digital
