SiteID,Division,Area,Technology,LaunchYear
SITE-1000,Dhaka,Semi-Urban,4G,2018
SITE-1001,Khulna,Urban,4G,2019
SITE-1002,Chattogram,Urban,4G+5G,2022
SITE-1003,Dhaka,Semi-Urban,4G,2024
SITE-1004,Chattogram,Urban,4G,2018
SITE-1005,Dhaka,Urban,5G,2023
SITE-1006,Chattogram,Urban,4G+5G,2016
SITE-1007,Mymensingh,Semi-Urban,4G+5G,2022
SITE-1008,Rajshahi,Urban,4G,2021
SITE-1009,Dhaka,Urban,4G,2020
SITE-1010,Dhaka,Rural,4G+5G,2019
SITE-1011,Sylhet,Urban,4G,2020
SITE-1012,Dhaka,Rural,4G+5G,2023
SITE-1013,Chattogram,Rural,4G,2023
SITE-1014,Khulna,Semi-Urban,5G,2022
SITE-1015,Rangpur,Urban,4G,2018
SITE-1016,Rangpur,Urban,5G,2016
SITE-1017,Sylhet,Urban,4G,2022
SITE-1018,Chattogram,Semi-Urban,4G+5G,2024
SITE-1019,Khulna,Rural,4G+5G,2021
SITE-1020,Chattogram,Rural,4G+5G,2021
SITE-1021,Barishal,Rural,4G+5G,2020
SITE-1022,Rangpur,Semi-Urban,5G,2024
SITE-1023,Barishal,Semi-Urban,4G,2020
SITE-1024,Rajshahi,Semi-Urban,4G+5G,2020
SITE-1025,Khulna,Urban,4G,2016
SITE-1026,Dhaka,Urban,5G,2020
SITE-1027,Khulna,Urban,4G+5G,2017
SITE-1028,Sylhet,Semi-Urban,4G+5G,2024
SITE-1029,Dhaka,Semi-Urban,4G,2019
SITE-1030,Dhaka,Semi-Urban,4G+5G,2024
SITE-1031,Sylhet,Urban,4G+5G,2024
SITE-1032,Khulna,Urban,4G+5G,2015
SITE-1033,Chattogram,Rural,4G,2022
SITE-1034,Dhaka,Semi-Urban,5G,2020
SITE-1035,Sylhet,Semi-Urban,5G,2021
SITE-1036,Chattogram,Urban,4G+5G,2022
SITE-1037,Sylhet,Rural,4G,2023
SITE-1038,Chattogram,Urban,4G+5G,2024
SITE-1039,Mymensingh,Rural,4G,2022
SITE-1040,Khulna,Urban,4G,2016
SITE-1041,Khulna,Urban,4G,2022
SITE-1042,Rangpur,Urban,4G,2021
SITE-1043,Chattogram,Semi-Urban,4G+5G,2016
SITE-1044,Dhaka,Semi-Urban,4G+5G,2017
SITE-1045,Dhaka,Urban,4G,2023
SITE-1046,Barishal,Rural,4G+5G,2024
SITE-1047,Khulna,Rural,4G+5G,2017
SITE-1048,Chattogram,Rural,4G,2019
SITE-1049,Chattogram,Urban,4G+5G,2015
SITE-1050,Barishal,Rural,4G+5G,2017
SITE-1051,Dhaka,Urban,4G+5G,2018
SITE-1052,Rangpur,Urban,4G+5G,2015
SITE-1053,Khulna,Urban,4G,2016
SITE-1054,Barishal,Semi-Urban,4G+5G,2017
SITE-1055,Chattogram,Semi-Urban,5G,2015
SITE-1056,Mymensingh,Rural,5G,2017
SITE-1057,Mymensingh,Semi-Urban,5G,2021
SITE-1058,Chattogram,Urban,4G,2019
SITE-1059,Dhaka,Semi-Urban,4G+5G,2021
SITE-1060,Dhaka,Semi-Urban,4G,2015
SITE-1061,Dhaka,Urban,4G,2023
SITE-1062,Barishal,Rural,4G,2020
SITE-1063,Barishal,Urban,4G+5G,2022
SITE-1064,Chattogram,Urban,4G,2017
SITE-1065,Sylhet,Rural,4G+5G,2017
SITE-1066,Dhaka,Rural,4G+5G,2022
SITE-1067,Chattogram,Semi-Urban,4G+5G,2018
SITE-1068,Khulna,Rural,4G+5G,2017
SITE-1069,Rajshahi,Urban,5G,2022
SITE-1070,Rangpur,Urban,4G+5G,2024
SITE-1071,Chattogram,Rural,4G+5G,2015
SITE-1072,Khulna,Semi-Urban,5G,2022
SITE-1073,Khulna,Rural,4G,2017
SITE-1074,Khulna,Rural,4G+5G,2015
SITE-1075,Rangpur,Rural,4G,2024
SITE-1076,Dhaka,Semi-Urban,5G,2020
SITE-1077,Rangpur,Semi-Urban,5G,2016
SITE-1078,Rajshahi,Semi-Urban,4G,2018
SITE-1079,Khulna,Rural,4G,2015
SITE-1080,Sylhet,Urban,4G+5G,2020
SITE-1081,Mymensingh,Semi-Urban,4G+5G,2021
SITE-1082,Barishal,Urban,4G,2022
SITE-1083,Chattogram,Semi-Urban,5G,2019
SITE-1084,Rajshahi,Semi-Urban,5G,2017
SITE-1085,Chattogram,Rural,4G,2017
SITE-1086,Rangpur,Semi-Urban,4G+5G,2021
SITE-1087,Khulna,Rural,4G+5G,2024
SITE-1088,Chattogram,Urban,4G,2023
SITE-1089,Sylhet,Urban,4G,2018
SITE-1090,Dhaka,Rural,4G+5G,2020
SITE-1091,Rajshahi,Urban,4G+5G,2015
SITE-1092,Mymensingh,Semi-Urban,4G,2018
SITE-1093,Dhaka,Urban,4G,2020
SITE-1094,Dhaka,Urban,5G,2018
SITE-1095,Khulna,Semi-Urban,4G,2017
SITE-1096,Dhaka,Rural,4G,2022
SITE-1097,Rangpur,Semi-Urban,4G,2021
SITE-1098,Dhaka,Semi-Urban,5G,2015
SITE-1099,Dhaka,Rural,4G,2023
SITE-1100,Rajshahi,Semi-Urban,4G+5G,2020
SITE-1101,Rajshahi,Semi-Urban,4G,2015
SITE-1102,Dhaka,Semi-Urban,4G+5G,2022
SITE-1103,Dhaka,Urban,5G,2024
SITE-1104,Dhaka,Semi-Urban,4G+5G,2022
SITE-1105,Barishal,Semi-Urban,4G,2015
SITE-1106,Khulna,Semi-Urban,5G,2024
SITE-1107,Chattogram,Rural,4G,2017
SITE-1108,Chattogram,Urban,4G,2020
SITE-1109,Sylhet,Rural,4G+5G,2023
SITE-1110,Barishal,Rural,4G+5G,2017
SITE-1111,Rajshahi,Semi-Urban,4G+5G,2024
SITE-1112,Chattogram,Rural,4G,2019
SITE-1113,Rangpur,Semi-Urban,4G+5G,2019
SITE-1114,Khulna,Urban,5G,2021
SITE-1115,Rangpur,Urban,4G+5G,2017
SITE-1116,Barishal,Rural,4G+5G,2024
SITE-1117,Sylhet,Urban,4G+5G,2015
SITE-1118,Mymensingh,Semi-Urban,5G,2017
SITE-1119,Dhaka,Rural,4G+5G,2022
SITE-1120,Chattogram,Rural,4G,2019
SITE-1121,Chattogram,Urban,4G,2017
SITE-1122,Dhaka,Semi-Urban,4G,2024
SITE-1123,Barishal,Rural,4G,2021
SITE-1124,Rangpur,Urban,5G,2024
SITE-1125,Chattogram,Urban,4G+5G,2023
SITE-1126,Barishal,Rural,4G+5G,2019
SITE-1127,Dhaka,Rural,5G,2016
SITE-1128,Dhaka,Rural,5G,2016
SITE-1129,Chattogram,Rural,4G,2022
SITE-1130,Rangpur,Semi-Urban,4G,2023
SITE-1131,Dhaka,Rural,5G,2015
SITE-1132,Rajshahi,Rural,4G+5G,2017
SITE-1133,Dhaka,Urban,4G,2017
SITE-1134,Barishal,Urban,4G+5G,2023
SITE-1135,Barishal,Rural,4G,2017
SITE-1136,Dhaka,Semi-Urban,4G+5G,2024
SITE-1137,Rajshahi,Urban,4G+5G,2016
SITE-1138,Dhaka,Urban,4G,2016
SITE-1139,Chattogram,Semi-Urban,4G+5G,2018
SITE-1140,Rajshahi,Urban,4G+5G,2020
SITE-1141,Chattogram,Urban,4G,2021
SITE-1142,Dhaka,Urban,4G+5G,2023
SITE-1143,Rajshahi,Semi-Urban,4G,2023
SITE-1144,Rajshahi,Semi-Urban,4G+5G,2023
SITE-1145,Rajshahi,Semi-Urban,5G,2016
SITE-1146,Chattogram,Urban,4G+5G,2018
SITE-1147,Mymensingh,Rural,5G,2015
SITE-1148,Mymensingh,Urban,4G+5G,2017
SITE-1149,Rajshahi,Rural,4G,2023
SITE-1150,Khulna,Urban,5G,2015
SITE-1151,Chattogram,Semi-Urban,4G+5G,2024
SITE-1152,Dhaka,Semi-Urban,4G,2023
SITE-1153,Sylhet,Semi-Urban,5G,2017
SITE-1154,Sylhet,Urban,4G+5G,2023
SITE-1155,Rangpur,Urban,4G,2020
SITE-1156,Chattogram,Urban,4G,2023
SITE-1157,Chattogram,Rural,5G,2024
SITE-1158,Dhaka,Urban,5G,2016
SITE-1159,Rangpur,Semi-Urban,5G,2019
SITE-1160,Barishal,Rural,4G+5G,2021
SITE-1161,Sylhet,Rural,4G,2016
SITE-1162,Mymensingh,Rural,4G,2015
SITE-1163,Barishal,Rural,4G,2024
SITE-1164,Chattogram,Rural,4G+5G,2022
SITE-1165,Rajshahi,Urban,4G+5G,2018
SITE-1166,Chattogram,Urban,4G+5G,2015
SITE-1167,Rangpur,Rural,4G+5G,2015
SITE-1168,Khulna,Urban,5G,2018
SITE-1169,Chattogram,Rural,5G,2024
SITE-1170,Chattogram,Rural,4G,2022
SITE-1171,Rangpur,Semi-Urban,4G,2024
SITE-1172,Chattogram,Urban,4G,2016
SITE-1173,Dhaka,Urban,4G,2022
SITE-1174,Khulna,Semi-Urban,4G,2023
SITE-1175,Dhaka,Urban,4G,2015
SITE-1176,Khulna,Semi-Urban,4G,2015
SITE-1177,Rajshahi,Semi-Urban,4G+5G,2015
SITE-1178,Dhaka,Semi-Urban,4G,2022
SITE-1179,Rajshahi,Rural,5G,2021
SITE-1180,Chattogram,Rural,4G,2021
SITE-1181,Khulna,Urban,4G,2015
SITE-1182,Khulna,Urban,4G+5G,2022
SITE-1183,Khulna,Semi-Urban,4G,2023
SITE-1184,Khulna,Semi-Urban,5G,2023
SITE-1185,Dhaka,Rural,4G+5G,2015
SITE-1186,Sylhet,Urban,4G,2017
SITE-1187,Dhaka,Semi-Urban,4G,2023
SITE-1188,Dhaka,Rural,4G+5G,2020
SITE-1189,Rajshahi,Urban,4G+5G,2020
SITE-1190,Mymensingh,Urban,4G,2017
SITE-1191,Khulna,Semi-Urban,4G,2023
SITE-1192,Chattogram,Rural,4G+5G,2015
SITE-1193,Chattogram,Urban,4G,2017
SITE-1194,Khulna,Semi-Urban,5G,2020
SITE-1195,Khulna,Urban,4G,2023
SITE-1196,Rangpur,Urban,4G+5G,2023
SITE-1197,Rajshahi,Rural,4G+5G,2020
SITE-1198,Khulna,Urban,4G,2017
SITE-1199,Rangpur,Urban,4G+5G,2018
SITE-1200,Chattogram,Semi-Urban,4G,2021
SITE-1201,Rajshahi,Rural,4G+5G,2021
SITE-1202,Sylhet,Urban,4G,2019
SITE-1203,Dhaka,Urban,4G,2016
SITE-1204,Sylhet,Rural,4G,2016
SITE-1205,Chattogram,Rural,4G+5G,2018
SITE-1206,Rajshahi,Urban,4G,2017
SITE-1207,Khulna,Rural,4G,2020
SITE-1208,Dhaka,Urban,5G,2022
SITE-1209,Khulna,Semi-Urban,4G+5G,2020
SITE-1210,Dhaka,Urban,4G+5G,2022
SITE-1211,Barishal,Semi-Urban,4G,2021
SITE-1212,Sylhet,Urban,5G,2020
SITE-1213,Sylhet,Rural,4G,2022
SITE-1214,Dhaka,Urban,4G,2017
SITE-1215,Mymensingh,Rural,4G+5G,2020
SITE-1216,Chattogram,Rural,4G,2019
SITE-1217,Rajshahi,Rural,4G+5G,2022
SITE-1218,Rajshahi,Urban,4G+5G,2021
SITE-1219,Rajshahi,Rural,4G+5G,2021
SITE-1220,Khulna,Rural,4G,2017
SITE-1221,Rangpur,Urban,5G,2018
SITE-1222,Rangpur,Semi-Urban,4G,2022
SITE-1223,Rajshahi,Semi-Urban,4G,2021
SITE-1224,Chattogram,Rural,4G+5G,2018
SITE-1225,Chattogram,Semi-Urban,4G,2018
SITE-1226,Rajshahi,Urban,4G+5G,2016
SITE-1227,Rajshahi,Rural,5G,2019
SITE-1228,Mymensingh,Urban,5G,2021
SITE-1229,Rangpur,Rural,4G,2015
SITE-1230,Khulna,Urban,4G+5G,2017
SITE-1231,Rangpur,Rural,4G+5G,2024
SITE-1232,Mymensingh,Rural,4G+5G,2015
SITE-1233,Khulna,Rural,4G,2021
SITE-1234,Rajshahi,Semi-Urban,4G,2015
SITE-1235,Sylhet,Semi-Urban,4G+5G,2017
SITE-1236,Rangpur,Rural,4G,2015
SITE-1237,Rajshahi,Semi-Urban,4G,2019
SITE-1238,Khulna,Semi-Urban,4G,2020
SITE-1239,Dhaka,Rural,4G,2023
SITE-1240,Rangpur,Urban,4G,2018
SITE-1241,Chattogram,Urban,4G,2022
SITE-1242,Barishal,Urban,4G+5G,2015
SITE-1243,Chattogram,Rural,4G,2016
SITE-1244,Dhaka,Urban,4G+5G,2022
SITE-1245,Sylhet,Urban,4G,2015
SITE-1246,Dhaka,Rural,4G,2021
SITE-1247,Rangpur,Rural,4G,2022
SITE-1248,Rangpur,Urban,4G,2015
SITE-1249,Chattogram,Rural,4G,2022
SITE-1250,Sylhet,Semi-Urban,4G,2018
SITE-1251,Sylhet,Urban,4G+5G,2018
SITE-1252,Dhaka,Rural,4G+5G,2018
SITE-1253,Sylhet,Rural,4G+5G,2017
SITE-1254,Rangpur,Rural,4G+5G,2024
SITE-1255,Chattogram,Urban,4G+5G,2023
SITE-1256,Mymensingh,Urban,4G,2024
SITE-1257,Rajshahi,Urban,5G,2015
SITE-1258,Dhaka,Rural,5G,2019
SITE-1259,Sylhet,Semi-Urban,4G,2023
SITE-1260,Sylhet,Semi-Urban,5G,2019
SITE-1261,Sylhet,Urban,5G,2022
SITE-1262,Rajshahi,Rural,4G+5G,2015
SITE-1263,Dhaka,Semi-Urban,4G,2016
SITE-1264,Rangpur,Semi-Urban,4G+5G,2016
SITE-1265,Dhaka,Urban,4G,2023
SITE-1266,Dhaka,Urban,4G+5G,2015
SITE-1267,Rangpur,Semi-Urban,4G,2017
SITE-1268,Mymensingh,Rural,4G+5G,2018
SITE-1269,Chattogram,Urban,4G,2016
SITE-1270,Sylhet,Urban,4G,2023
SITE-1271,Mymensingh,Urban,4G,2019
SITE-1272,Mymensingh,Semi-Urban,4G+5G,2023
SITE-1273,Chattogram,Urban,5G,2023
SITE-1274,Chattogram,Rural,4G+5G,2015
SITE-1275,Barishal,Rural,4G,2017
SITE-1276,Rajshahi,Semi-Urban,4G+5G,2018
SITE-1277,Sylhet,Rural,4G,2023
SITE-1278,Rangpur,Semi-Urban,4G,2021
SITE-1279,Chattogram,Semi-Urban,4G,2024
SITE-1280,Mymensingh,Semi-Urban,4G+5G,2015
SITE-1281,Rajshahi,Rural,4G,2020
SITE-1282,Rajshahi,Urban,4G,2023
SITE-1283,Rajshahi,Urban,4G+5G,2019
SITE-1284,Rajshahi,Semi-Urban,5G,2019
SITE-1285,Barishal,Urban,4G,2022
SITE-1286,Sylhet,Semi-Urban,4G+5G,2020
SITE-1287,Dhaka,Rural,4G+5G,2018
SITE-1288,Barishal,Urban,5G,2016
SITE-1289,Rajshahi,Rural,4G,2018
SITE-1290,Rangpur,Semi-Urban,4G+5G,2017
SITE-1291,Khulna,Rural,4G,2023
SITE-1292,Sylhet,Semi-Urban,4G,2024
SITE-1293,Rangpur,Urban,4G+5G,2020
SITE-1294,Rangpur,Rural,4G,2015
SITE-1295,Rajshahi,Rural,4G+5G,2020
SITE-1296,Rajshahi,Urban,4G,2024
SITE-1297,Sylhet,Semi-Urban,4G,2024
SITE-1298,Rajshahi,Semi-Urban,4G,2021
SITE-1299,Chattogram,Urban,4G+5G,2022
