EmployeeID,Name,Department,Division,MonthlySalary,PerformanceRating,TenureYears,LeftCompany
EMP-500,Agent_0,Customer Support,Chattogram,91870,5,11,0
EMP-501,Agent_1,Network Operations,Rangpur,54129,3,4,0
EMP-502,Agent_2,Customer Support,Barishal,42380,4,8,0
EMP-503,Agent_3,Enterprise Sales,Dhaka,63461,2,11,0
EMP-504,Agent_4,Customer Support,Sylhet,87577,2,1,0
EMP-505,Agent_5,Retail Sales,Chattogram,33881,3,0,0
EMP-506,Agent_6,Retail Sales,Khulna,37146,5,7,0
EMP-507,Agent_7,Customer Support,Sylhet,70052,4,10,0
EMP-508,Agent_8,Network Operations,Rangpur,71817,2,8,0
EMP-509,Agent_9,Customer Support,Dhaka,74926,5,11,0
EMP-510,Agent_10,Customer Support,Chattogram,87866,4,0,0
EMP-511,Agent_11,Retail Sales,Mymensingh,78376,4,6,0
EMP-512,Agent_12,Retail Sales,Dhaka,81830,3,8,0
EMP-513,Agent_13,Network Operations,Rajshahi,33393,3,8,1
EMP-514,Agent_14,Customer Support,Rajshahi,49976,2,0,0
EMP-515,Agent_15,Customer Support,Khulna,74360,3,1,0
EMP-516,Agent_16,Customer Support,Khulna,82391,2,11,1
EMP-517,Agent_17,Enterprise Sales,Barishal,50632,3,4,0
EMP-518,Agent_18,Network Operations,Rajshahi,65701,3,2,0
EMP-519,Agent_19,Customer Support,Sylhet,39785,3,2,1
EMP-520,Agent_20,Network Operations,Sylhet,85594,4,2,0
EMP-521,Agent_21,Enterprise Sales,Rajshahi,61704,3,6,0
EMP-522,Agent_22,Enterprise Sales,Rajshahi,31674,3,6,1
EMP-523,Agent_23,Enterprise Sales,Sylhet,65090,2,11,0
EMP-524,Agent_24,Customer Support,Chattogram,43536,3,5,0
EMP-525,Agent_25,Customer Support,Rangpur,56973,2,0,0
EMP-526,Agent_26,Enterprise Sales,Barishal,49293,2,6,1
EMP-527,Agent_27,Enterprise Sales,Rangpur,83859,3,5,0
EMP-528,Agent_28,Customer Support,Chattogram,84270,3,3,1
EMP-529,Agent_29,Network Operations,Mymensingh,35905,5,8,0
EMP-530,Agent_30,Network Operations,Barishal,47677,2,11,0
EMP-531,Agent_31,Enterprise Sales,Barishal,53500,2,5,0
EMP-532,Agent_32,Customer Support,Rajshahi,84829,4,8,0
EMP-533,Agent_33,Retail Sales,Sylhet,43691,1,6,0
EMP-534,Agent_34,Network Operations,Barishal,74074,3,8,0
EMP-535,Agent_35,Enterprise Sales,Rangpur,28416,4,5,0
EMP-536,Agent_36,Enterprise Sales,Rangpur,92145,3,3,0
EMP-537,Agent_37,Retail Sales,Rajshahi,48734,3,7,0
EMP-538,Agent_38,Retail Sales,Dhaka,43811,2,4,0
EMP-539,Agent_39,Customer Support,Sylhet,75265,5,0,0
EMP-540,Agent_40,Retail Sales,Mymensingh,67802,4,8,0
EMP-541,Agent_41,Enterprise Sales,Chattogram,61627,4,6,0
EMP-542,Agent_42,Customer Support,Sylhet,90144,2,7,0
EMP-543,Agent_43,Enterprise Sales,Dhaka,54312,3,6,1
EMP-544,Agent_44,Retail Sales,Khulna,62776,4,10,0
EMP-545,Agent_45,Customer Support,Chattogram,58229,2,2,0
EMP-546,Agent_46,Network Operations,Khulna,37119,5,0,0
EMP-547,Agent_47,Retail Sales,Rajshahi,46875,5,6,0
EMP-548,Agent_48,Network Operations,Sylhet,67217,2,10,0
EMP-549,Agent_49,Enterprise Sales,Khulna,33551,2,5,0
EMP-550,Agent_50,Customer Support,Mymensingh,76151,3,5,0
EMP-551,Agent_51,Network Operations,Barishal,66330,3,7,1
EMP-552,Agent_52,Retail Sales,Chattogram,70472,3,4,1
EMP-553,Agent_53,Retail Sales,Mymensingh,82077,3,6,0
EMP-554,Agent_54,Retail Sales,Barishal,58856,3,11,0
EMP-555,Agent_55,Customer Support,Dhaka,80233,2,4,0
EMP-556,Agent_56,Network Operations,Barishal,77418,3,5,0
EMP-557,Agent_57,Retail Sales,Khulna,41333,3,9,0
EMP-558,Agent_58,Enterprise Sales,Dhaka,43974,3,8,1
EMP-559,Agent_59,Retail Sales,Dhaka,55400,5,4,0
EMP-560,Agent_60,Network Operations,Khulna,31671,2,6,0
EMP-561,Agent_61,Network Operations,Chattogram,63648,4,5,0
EMP-562,Agent_62,Customer Support,Rangpur,88871,3,4,0
EMP-563,Agent_63,Retail Sales,Khulna,81171,4,5,0
EMP-564,Agent_64,Network Operations,Sylhet,76014,3,0,0
EMP-565,Agent_65,Network Operations,Chattogram,38755,3,5,0
EMP-566,Agent_66,Customer Support,Barishal,81071,3,3,0
EMP-567,Agent_67,Customer Support,Khulna,34256,4,9,0
EMP-568,Agent_68,Enterprise Sales,Barishal,53808,2,7,0
EMP-569,Agent_69,Enterprise Sales,Khulna,90213,3,8,0
EMP-570,Agent_70,Retail Sales,Rangpur,78249,3,3,0
EMP-571,Agent_71,Customer Support,Sylhet,35200,3,0,0
EMP-572,Agent_72,Retail Sales,Khulna,61548,2,4,0
EMP-573,Agent_73,Network Operations,Chattogram,94237,2,5,0
EMP-574,Agent_74,Network Operations,Khulna,56263,4,5,0
EMP-575,Agent_75,Enterprise Sales,Dhaka,66928,3,1,0
EMP-576,Agent_76,Network Operations,Barishal,51786,2,2,0
EMP-577,Agent_77,Enterprise Sales,Rangpur,59929,3,8,0
EMP-578,Agent_78,Customer Support,Rajshahi,61303,3,10,0
EMP-579,Agent_79,Customer Support,Dhaka,38225,5,11,1
EMP-580,Agent_80,Retail Sales,Khulna,90983,4,6,0
EMP-581,Agent_81,Enterprise Sales,Khulna,85235,4,7,0
EMP-582,Agent_82,Enterprise Sales,Khulna,32010,3,7,1
EMP-583,Agent_83,Customer Support,Rangpur,37051,3,4,0
EMP-584,Agent_84,Customer Support,Rajshahi,70144,5,3,0
EMP-585,Agent_85,Customer Support,Barishal,53088,2,0,0
EMP-586,Agent_86,Enterprise Sales,Chattogram,72553,4,0,0
EMP-587,Agent_87,Enterprise Sales,Sylhet,28362,3,3,0
EMP-588,Agent_88,Enterprise Sales,Khulna,77604,3,4,0
EMP-589,Agent_89,Customer Support,Khulna,26578,5,6,0
EMP-590,Agent_90,Network Operations,Rangpur,38787,4,11,0
EMP-591,Agent_91,Retail Sales,Rangpur,76070,4,10,0
EMP-592,Agent_92,Enterprise Sales,Mymensingh,49333,4,2,0
EMP-593,Agent_93,Enterprise Sales,Sylhet,39541,3,6,0
EMP-594,Agent_94,Enterprise Sales,Mymensingh,86804,3,6,0
EMP-595,Agent_95,Customer Support,Sylhet,67055,3,11,0
EMP-596,Agent_96,Retail Sales,Khulna,45160,3,4,0
EMP-597,Agent_97,Enterprise Sales,Chattogram,75638,3,4,1
EMP-598,Agent_98,Network Operations,Barishal,34343,2,9,0
EMP-599,Agent_99,Network Operations,Mymensingh,59425,4,0,0
EMP-600,Agent_100,Customer Support,Sylhet,38234,4,1,0
EMP-601,Agent_101,Retail Sales,Khulna,70950,2,7,0
EMP-602,Agent_102,Enterprise Sales,Rajshahi,44056,3,3,0
EMP-603,Agent_103,Retail Sales,Mymensingh,41880,4,2,0
EMP-604,Agent_104,Enterprise Sales,Rangpur,42919,4,9,0
EMP-605,Agent_105,Retail Sales,Rangpur,82250,3,2,0
EMP-606,Agent_106,Enterprise Sales,Rajshahi,85641,3,0,0
EMP-607,Agent_107,Enterprise Sales,Dhaka,39436,3,0,0
EMP-608,Agent_108,Network Operations,Khulna,35991,4,10,0
EMP-609,Agent_109,Enterprise Sales,Khulna,66342,4,6,0
EMP-610,Agent_110,Customer Support,Rangpur,69949,2,0,0
EMP-611,Agent_111,Retail Sales,Mymensingh,83510,3,2,0
EMP-612,Agent_112,Customer Support,Chattogram,82529,2,3,0
EMP-613,Agent_113,Network Operations,Dhaka,80524,3,11,0
EMP-614,Agent_114,Retail Sales,Dhaka,28017,1,6,0
EMP-615,Agent_115,Network Operations,Mymensingh,28588,4,10,0
EMP-616,Agent_116,Enterprise Sales,Rangpur,38062,3,5,0
EMP-617,Agent_117,Network Operations,Chattogram,50702,3,8,1
EMP-618,Agent_118,Network Operations,Rajshahi,76703,4,0,0
EMP-619,Agent_119,Customer Support,Mymensingh,84680,4,4,0
EMP-620,Agent_120,Network Operations,Chattogram,75334,3,5,0
EMP-621,Agent_121,Retail Sales,Chattogram,84565,4,0,0
EMP-622,Agent_122,Enterprise Sales,Chattogram,51071,3,3,0
EMP-623,Agent_123,Retail Sales,Rangpur,69548,3,8,0
EMP-624,Agent_124,Network Operations,Chattogram,34514,1,8,0
EMP-625,Agent_125,Network Operations,Chattogram,32597,4,0,0
EMP-626,Agent_126,Retail Sales,Khulna,82811,2,3,0
EMP-627,Agent_127,Customer Support,Rajshahi,53298,2,5,0
EMP-628,Agent_128,Retail Sales,Khulna,75895,3,3,0
EMP-629,Agent_129,Network Operations,Mymensingh,92280,5,0,0
EMP-630,Agent_130,Enterprise Sales,Dhaka,65220,4,0,0
EMP-631,Agent_131,Enterprise Sales,Khulna,32457,4,6,0
EMP-632,Agent_132,Retail Sales,Mymensingh,70998,3,4,0
EMP-633,Agent_133,Customer Support,Rajshahi,81098,4,6,0
EMP-634,Agent_134,Customer Support,Rajshahi,44250,3,8,0
EMP-635,Agent_135,Network Operations,Rangpur,54247,5,6,0
EMP-636,Agent_136,Retail Sales,Dhaka,68954,3,6,0
EMP-637,Agent_137,Customer Support,Barishal,77131,3,8,0
EMP-638,Agent_138,Customer Support,Barishal,37678,5,2,0
EMP-639,Agent_139,Network Operations,Rajshahi,28801,5,2,0
EMP-640,Agent_140,Retail Sales,Khulna,69631,1,8,0
EMP-641,Agent_141,Customer Support,Khulna,25722,3,2,0
EMP-642,Agent_142,Retail Sales,Rajshahi,56648,3,10,0
EMP-643,Agent_143,Enterprise Sales,Rajshahi,46043,1,4,0
EMP-644,Agent_144,Enterprise Sales,Sylhet,55701,3,0,0
EMP-645,Agent_145,Retail Sales,Sylhet,85912,2,8,0
EMP-646,Agent_146,Enterprise Sales,Rajshahi,90517,3,5,0
EMP-647,Agent_147,Enterprise Sales,Rajshahi,72585,3,1,0
EMP-648,Agent_148,Retail Sales,Sylhet,51023,2,2,0
EMP-649,Agent_149,Customer Support,Chattogram,67827,3,10,1
