CampaignID,Date,Channel,Division,Spend_BDT,Leads,Conversions,RevenueGenerated_BDT
CMP-0,2026-01-02,Referral,Rajshahi,211447,1019,134,311673.0
CMP-1,2026-02-10,Referral,Chattogram,425746,1814,209,823480.0
CMP-2,2025-11-26,Retail Promo,Mymensingh,464670,2947,341,1002187.0
CMP-3,2025-03-26,Retail Promo,Rajshahi,258946,2687,159,461970.0
CMP-4,2025-05-03,Agent Drive,Sylhet,477302,3223,294,1058742.0
CMP-5,2026-02-25,Agent Drive,Sylhet,433190,2582,480,981056.0
CMP-6,2025-11-24,TV/Radio,Sylhet,154122,3173,268,739261.0
CMP-7,2026-02-19,Referral,Rangpur,544138,3747,697,2604080.0
CMP-8,2026-04-20,Agent Drive,Rajshahi,172283,3816,312,739568.0
CMP-9,2025-06-25,Retail Promo,Mymensingh,286850,2219,355,931948.0
CMP-10,2025-04-13,Digital Ads,Rangpur,660191,1465,279,904695.0
CMP-11,2026-05-10,Digital Ads,Dhaka,175835,1512,205,856393.0
CMP-12,2025-03-10,Retail Promo,Dhaka,560866,2786,547,1151549.0
CMP-13,2025-05-20,Agent Drive,Rajshahi,480991,2610,286,699213.0
CMP-14,2026-01-29,Retail Promo,Rangpur,154248,1499,122,221926.0
CMP-15,2025-01-08,Agent Drive,Rajshahi,271306,2615,389,931867.0
CMP-16,2025-08-12,Referral,Rajshahi,286119,1143,175,661285.0
CMP-17,2025-10-22,Retail Promo,Dhaka,594740,2461,239,601372.0
CMP-18,2025-02-10,Referral,Sylhet,462084,3370,516,1849429.0
CMP-19,2025-01-29,Agent Drive,Sylhet,660561,866,51,150604.0
CMP-20,2025-05-15,TV/Radio,Dhaka,139534,1762,235,549152.0
CMP-21,2025-01-03,TV/Radio,Chattogram,593309,856,130,433684.0
CMP-22,2025-11-11,Referral,Barishal,492430,2548,362,1319649.0
CMP-23,2025-03-26,Agent Drive,Chattogram,500664,1289,86,266077.0
CMP-24,2026-03-13,Agent Drive,Sylhet,556125,1037,115,332841.0
CMP-25,2025-03-17,TV/Radio,Mymensingh,511864,1086,140,380712.0
CMP-26,2025-04-08,Referral,Barishal,221157,2137,245,485573.0
CMP-27,2026-01-13,Digital Ads,Khulna,201063,2479,125,498007.0
CMP-28,2025-05-23,Retail Promo,Chattogram,499757,3095,566,1968811.0
CMP-29,2026-01-04,Agent Drive,Chattogram,606946,3534,623,2390292.0
CMP-30,2025-01-03,Referral,Barishal,439359,1552,148,371420.0
CMP-31,2025-06-24,Retail Promo,Rangpur,246966,3534,606,1168725.0
CMP-32,2025-03-11,Digital Ads,Barishal,600328,1687,275,784695.0
CMP-33,2026-02-19,TV/Radio,Barishal,384758,2824,367,1066871.0
CMP-34,2026-01-05,Retail Promo,Rajshahi,640962,2574,270,967713.0
CMP-35,2025-06-25,Referral,Barishal,299227,3594,717,2458617.0
CMP-36,2026-02-06,Agent Drive,Khulna,180472,3514,344,1272567.0
CMP-37,2025-10-24,TV/Radio,Dhaka,260320,2762,393,765222.0
CMP-38,2026-05-08,TV/Radio,Khulna,114679,930,180,659034.0
CMP-39,2025-08-28,Retail Promo,Sylhet,393988,2080,178,681459.0
CMP-40,2025-12-07,Referral,Rajshahi,462491,3539,232,803294.0
CMP-41,2025-07-17,TV/Radio,Rajshahi,619795,2118,346,701908.0
CMP-42,2025-03-17,Referral,Rangpur,523981,2608,374,1090297.0
CMP-43,2025-02-11,Agent Drive,Sylhet,616370,1677,324,755668.0
CMP-44,2025-12-24,Referral,Chattogram,604365,2804,365,1174314.0
CMP-45,2025-12-23,Digital Ads,Rajshahi,670483,3674,245,914010.0
CMP-46,2026-04-09,Referral,Rajshahi,262660,3949,330,706180.0
CMP-47,2025-01-08,Agent Drive,Sylhet,678925,3318,433,1801463.0
CMP-48,2026-02-07,Retail Promo,Khulna,678909,2789,269,939620.0
CMP-49,2025-08-10,Retail Promo,Rajshahi,328871,1376,198,738526.0
CMP-50,2025-05-30,Agent Drive,Dhaka,130004,1262,106,265699.0
CMP-51,2025-07-30,TV/Radio,Rangpur,412765,3153,264,553927.0
CMP-52,2025-12-07,Retail Promo,Rangpur,168371,1211,122,414908.0
CMP-53,2025-05-27,TV/Radio,Chattogram,127140,2321,394,1430414.0
CMP-54,2026-01-22,Digital Ads,Dhaka,443910,3709,529,1788431.0
CMP-55,2026-01-21,Referral,Rangpur,616167,3395,513,1137012.0
CMP-56,2025-11-14,Digital Ads,Dhaka,346061,2379,428,1109127.0
CMP-57,2025-12-25,Digital Ads,Sylhet,304730,1902,99,405620.0
CMP-58,2026-03-31,Agent Drive,Mymensingh,168731,2910,169,431724.0
CMP-59,2026-05-06,Retail Promo,Chattogram,489587,2339,219,538254.0
CMP-60,2025-11-05,Agent Drive,Sylhet,604403,3298,192,466277.0
CMP-61,2025-11-13,Retail Promo,Barishal,213755,2771,303,796489.0
CMP-62,2025-01-22,Retail Promo,Rajshahi,501716,3312,544,2266442.0
CMP-63,2025-04-16,Agent Drive,Dhaka,137050,3841,334,1174645.0
CMP-64,2025-06-20,Digital Ads,Mymensingh,232896,2696,502,1147866.0
CMP-65,2025-03-19,TV/Radio,Rangpur,106207,2835,456,1856767.0
CMP-66,2025-12-26,Retail Promo,Rangpur,548004,1326,238,841937.0
CMP-67,2026-04-11,Retail Promo,Khulna,605180,2318,322,858494.0
CMP-68,2025-03-02,Referral,Mymensingh,296579,1721,152,535628.0
CMP-69,2026-05-21,Retail Promo,Chattogram,552796,1883,186,553726.0
CMP-70,2025-04-18,Referral,Mymensingh,504324,816,87,361200.0
CMP-71,2026-04-19,Digital Ads,Rajshahi,485611,912,47,129871.0
