OutageID,SiteID,Date,Cause,DurationMin,CustomersImpacted,SLA_Breach
OUT-0,SITE-1172,2025-01-10,Congestion,79,4931,0
OUT-1,SITE-1141,2025-09-24,Power Failure,34,4842,0
OUT-2,SITE-1129,2026-04-12,Weather,161,5776,0
OUT-3,SITE-1204,2025-05-05,Fiber Cut,113,2331,0
OUT-4,SITE-1160,2025-03-20,Hardware Fault,55,3031,0
OUT-5,SITE-1140,2025-04-24,Congestion,173,1344,0
OUT-6,SITE-1008,2026-03-16,Power Failure,126,1850,0
OUT-7,SITE-1030,2025-09-15,Power Failure,91,5095,0
OUT-8,SITE-1181,2026-03-30,Hardware Fault,38,1525,0
OUT-9,SITE-1136,2025-06-20,Power Failure,143,1397,0
OUT-10,SITE-1007,2025-04-02,Power Failure,62,5796,0
OUT-11,SITE-1022,2025-12-08,Hardware Fault,378,3290,1
OUT-12,SITE-1205,2025-11-16,Fiber Cut,262,1519,1
OUT-13,SITE-1051,2025-06-16,Fiber Cut,299,3941,1
OUT-14,SITE-1158,2026-05-02,Hardware Fault,61,1059,0
OUT-15,SITE-1283,2025-03-01,Fiber Cut,186,4231,0
OUT-16,SITE-1240,2025-07-20,Hardware Fault,294,705,1
OUT-17,SITE-1055,2026-02-22,Hardware Fault,109,4650,0
OUT-18,SITE-1286,2025-08-30,Hardware Fault,263,3686,1
OUT-19,SITE-1109,2025-11-29,Hardware Fault,97,508,0
OUT-20,SITE-1074,2025-09-27,Fiber Cut,150,5941,0
OUT-21,SITE-1014,2026-04-04,Weather,59,3429,0
OUT-22,SITE-1035,2026-04-26,Power Failure,213,3699,0
OUT-23,SITE-1084,2025-02-24,Hardware Fault,26,3665,0
OUT-24,SITE-1002,2025-12-17,Weather,118,5240,0
OUT-25,SITE-1056,2026-04-26,Hardware Fault,86,3869,0
OUT-26,SITE-1229,2025-09-10,Power Failure,52,4806,0
OUT-27,SITE-1087,2025-03-31,Fiber Cut,124,4173,0
OUT-28,SITE-1145,2025-03-08,Fiber Cut,142,3924,0
OUT-29,SITE-1084,2026-03-20,Power Failure,119,1287,0
OUT-30,SITE-1007,2025-01-21,Fiber Cut,171,5392,0
OUT-31,SITE-1008,2025-05-15,Fiber Cut,168,5031,0
OUT-32,SITE-1116,2025-11-17,Power Failure,79,3128,0
OUT-33,SITE-1284,2026-03-08,Weather,44,3926,0
OUT-34,SITE-1033,2026-04-12,Congestion,216,591,0
OUT-35,SITE-1166,2025-04-25,Hardware Fault,235,2281,0
OUT-36,SITE-1100,2025-12-14,Fiber Cut,153,3016,0
OUT-37,SITE-1288,2026-01-18,Fiber Cut,145,5005,0
OUT-38,SITE-1185,2025-01-13,Congestion,131,5113,0
OUT-39,SITE-1010,2026-01-14,Fiber Cut,164,608,0
OUT-40,SITE-1184,2025-09-07,Weather,101,5919,0
OUT-41,SITE-1267,2025-05-03,Fiber Cut,209,1166,0
OUT-42,SITE-1242,2026-03-31,Hardware Fault,186,514,0
OUT-43,SITE-1032,2026-01-19,Congestion,116,1394,0
OUT-44,SITE-1079,2025-09-26,Hardware Fault,101,1319,0
OUT-45,SITE-1134,2025-01-06,Weather,78,5786,0
OUT-46,SITE-1015,2025-12-08,Fiber Cut,150,3591,0
OUT-47,SITE-1112,2026-03-29,Hardware Fault,129,4776,0
OUT-48,SITE-1240,2025-05-04,Hardware Fault,92,5321,0
OUT-49,SITE-1033,2025-04-01,Weather,84,5650,0
OUT-50,SITE-1251,2025-12-23,Fiber Cut,116,561,0
OUT-51,SITE-1220,2025-04-13,Hardware Fault,157,3548,0
OUT-52,SITE-1186,2025-11-10,Fiber Cut,239,4206,0
OUT-53,SITE-1241,2025-05-19,Fiber Cut,297,5108,1
OUT-54,SITE-1046,2025-10-09,Hardware Fault,308,2692,1
OUT-55,SITE-1092,2026-03-04,Fiber Cut,140,1487,0
OUT-56,SITE-1096,2025-12-20,Weather,139,2794,0
OUT-57,SITE-1163,2025-09-08,Hardware Fault,65,5665,0
OUT-58,SITE-1237,2026-02-15,Fiber Cut,260,387,1
OUT-59,SITE-1108,2025-11-18,Congestion,165,5832,0
OUT-60,SITE-1015,2025-03-29,Congestion,185,1121,0
OUT-61,SITE-1117,2026-01-28,Power Failure,33,3631,0
OUT-62,SITE-1143,2025-12-10,Hardware Fault,284,361,1
OUT-63,SITE-1168,2025-12-22,Power Failure,277,554,1
OUT-64,SITE-1122,2025-04-26,Hardware Fault,253,5977,1
OUT-65,SITE-1136,2025-12-18,Hardware Fault,113,3950,0
OUT-66,SITE-1258,2025-03-31,Power Failure,112,1496,0
OUT-67,SITE-1103,2025-05-19,Hardware Fault,223,1015,0
OUT-68,SITE-1132,2025-07-09,Weather,290,3059,1
OUT-69,SITE-1239,2025-11-03,Power Failure,90,3249,0
OUT-70,SITE-1192,2025-12-20,Fiber Cut,165,5738,0
OUT-71,SITE-1031,2025-07-27,Congestion,142,5241,0
OUT-72,SITE-1117,2025-06-23,Power Failure,119,5429,0
OUT-73,SITE-1189,2026-02-10,Power Failure,38,5575,0
OUT-74,SITE-1116,2025-10-07,Power Failure,121,2439,0
OUT-75,SITE-1148,2026-04-05,Power Failure,45,825,0
OUT-76,SITE-1262,2026-03-10,Hardware Fault,65,5909,0
OUT-77,SITE-1023,2025-02-23,Power Failure,296,2888,1
OUT-78,SITE-1069,2026-05-15,Hardware Fault,109,623,0
OUT-79,SITE-1152,2025-07-27,Weather,56,2425,0
OUT-80,SITE-1265,2026-05-11,Congestion,69,4301,0
OUT-81,SITE-1111,2026-03-06,Hardware Fault,157,1062,0
OUT-82,SITE-1137,2026-01-10,Power Failure,103,3981,0
OUT-83,SITE-1137,2025-02-16,Power Failure,321,3966,1
OUT-84,SITE-1201,2026-03-19,Hardware Fault,120,929,0
OUT-85,SITE-1164,2025-11-11,Fiber Cut,189,5472,0
OUT-86,SITE-1002,2026-04-26,Congestion,107,2813,0
OUT-87,SITE-1159,2025-04-27,Weather,37,591,0
OUT-88,SITE-1041,2026-03-06,Hardware Fault,87,5721,0
OUT-89,SITE-1044,2025-04-17,Fiber Cut,285,3899,1
OUT-90,SITE-1250,2025-02-10,Congestion,120,2451,0
OUT-91,SITE-1013,2025-07-03,Power Failure,68,5603,0
OUT-92,SITE-1164,2026-02-14,Hardware Fault,92,2664,0
OUT-93,SITE-1200,2025-09-18,Weather,165,2078,0
OUT-94,SITE-1175,2025-03-25,Power Failure,58,778,0
OUT-95,SITE-1061,2025-07-02,Hardware Fault,75,2415,0
OUT-96,SITE-1102,2026-02-14,Hardware Fault,35,2059,0
OUT-97,SITE-1223,2025-08-22,Hardware Fault,110,5459,0
OUT-98,SITE-1064,2025-03-07,Weather,109,5334,0
OUT-99,SITE-1285,2025-04-28,Congestion,355,949,1
OUT-100,SITE-1062,2025-02-18,Fiber Cut,118,3247,0
OUT-101,SITE-1283,2025-02-20,Weather,140,2089,0
OUT-102,SITE-1194,2026-01-13,Weather,109,5013,0
OUT-103,SITE-1072,2025-04-08,Power Failure,257,2703,1
OUT-104,SITE-1042,2026-02-11,Fiber Cut,122,528,0
OUT-105,SITE-1167,2025-09-23,Hardware Fault,67,1962,0
OUT-106,SITE-1288,2026-03-14,Power Failure,231,3003,0
OUT-107,SITE-1085,2026-02-05,Weather,73,5676,0
OUT-108,SITE-1205,2025-11-05,Weather,57,396,0
OUT-109,SITE-1189,2025-03-02,Hardware Fault,200,5907,0
OUT-110,SITE-1176,2025-02-06,Power Failure,17,3882,0
OUT-111,SITE-1024,2026-02-21,Hardware Fault,117,3203,0
OUT-112,SITE-1040,2026-03-24,Power Failure,217,294,0
OUT-113,SITE-1054,2025-01-22,Fiber Cut,203,5117,0
OUT-114,SITE-1027,2026-04-06,Fiber Cut,199,2948,0
OUT-115,SITE-1241,2026-03-12,Fiber Cut,208,1786,0
OUT-116,SITE-1234,2025-07-20,Fiber Cut,170,4886,0
OUT-117,SITE-1006,2025-10-03,Hardware Fault,127,891,0
OUT-118,SITE-1035,2026-03-07,Weather,61,2965,0
OUT-119,SITE-1150,2026-04-17,Congestion,47,3689,0
OUT-120,SITE-1287,2025-03-21,Hardware Fault,120,3535,0
OUT-121,SITE-1294,2026-03-30,Power Failure,126,2225,0
OUT-122,SITE-1235,2025-09-02,Weather,67,5913,0
OUT-123,SITE-1203,2025-06-26,Power Failure,252,4192,1
OUT-124,SITE-1137,2026-01-07,Power Failure,62,1422,0
OUT-125,SITE-1182,2025-07-04,Weather,127,1658,0
OUT-126,SITE-1140,2025-09-19,Power Failure,183,3486,0
OUT-127,SITE-1166,2025-01-03,Power Failure,290,2980,1
OUT-128,SITE-1060,2025-09-17,Hardware Fault,235,1866,0
OUT-129,SITE-1253,2025-01-22,Power Failure,76,4199,0
OUT-130,SITE-1259,2026-04-21,Congestion,187,1279,0
OUT-131,SITE-1133,2026-01-22,Power Failure,221,3950,0
OUT-132,SITE-1079,2025-11-23,Hardware Fault,31,4474,0
OUT-133,SITE-1283,2025-06-29,Fiber Cut,332,2276,1
OUT-134,SITE-1019,2025-05-14,Fiber Cut,160,2591,0
OUT-135,SITE-1290,2025-01-14,Power Failure,296,2573,1
OUT-136,SITE-1046,2026-01-21,Hardware Fault,124,5865,0
OUT-137,SITE-1117,2026-05-16,Congestion,153,606,0
OUT-138,SITE-1266,2026-03-30,Hardware Fault,356,2911,1
OUT-139,SITE-1264,2026-02-02,Hardware Fault,76,1728,0
OUT-140,SITE-1254,2025-10-29,Weather,211,2599,0
OUT-141,SITE-1199,2025-10-25,Fiber Cut,216,5095,0
OUT-142,SITE-1038,2025-01-24,Hardware Fault,113,584,0
OUT-143,SITE-1080,2025-02-17,Weather,44,4228,0
OUT-144,SITE-1212,2025-11-12,Power Failure,79,1977,0
OUT-145,SITE-1251,2026-02-03,Fiber Cut,301,3316,1
OUT-146,SITE-1251,2025-08-31,Fiber Cut,131,3735,0
OUT-147,SITE-1120,2025-10-21,Fiber Cut,184,4291,0
OUT-148,SITE-1252,2025-07-03,Weather,209,2878,0
OUT-149,SITE-1264,2025-11-10,Hardware Fault,165,1185,0
OUT-150,SITE-1227,2026-03-08,Power Failure,95,5967,0
OUT-151,SITE-1277,2025-02-03,Power Failure,159,365,0
OUT-152,SITE-1175,2025-02-27,Hardware Fault,125,4850,0
OUT-153,SITE-1121,2025-09-17,Fiber Cut,127,5852,0
OUT-154,SITE-1156,2025-01-24,Hardware Fault,173,480,0
OUT-155,SITE-1150,2026-02-25,Power Failure,197,4709,0
OUT-156,SITE-1054,2025-12-15,Power Failure,100,422,0
OUT-157,SITE-1247,2025-09-17,Weather,47,1533,0
OUT-158,SITE-1201,2025-03-17,Hardware Fault,205,2910,0
OUT-159,SITE-1108,2026-03-23,Power Failure,184,3008,0
OUT-160,SITE-1286,2025-03-09,Power Failure,191,5613,0
OUT-161,SITE-1164,2025-10-10,Power Failure,94,3416,0
OUT-162,SITE-1228,2025-03-31,Hardware Fault,125,5032,0
OUT-163,SITE-1207,2025-03-07,Hardware Fault,55,1181,0
OUT-164,SITE-1125,2025-11-29,Power Failure,109,1734,0
OUT-165,SITE-1263,2025-08-05,Power Failure,134,3535,0
OUT-166,SITE-1206,2025-10-22,Congestion,151,393,0
OUT-167,SITE-1189,2025-07-15,Hardware Fault,76,5752,0
OUT-168,SITE-1070,2026-04-27,Congestion,199,5465,0
OUT-169,SITE-1184,2025-12-07,Congestion,60,2427,0
OUT-170,SITE-1295,2025-01-13,Congestion,44,2900,0
OUT-171,SITE-1249,2026-05-06,Weather,72,1393,0
OUT-172,SITE-1064,2026-04-17,Power Failure,74,5652,0
OUT-173,SITE-1269,2025-04-12,Power Failure,88,4873,0
OUT-174,SITE-1073,2025-01-27,Weather,102,5030,0
OUT-175,SITE-1135,2025-04-29,Power Failure,134,2146,0
OUT-176,SITE-1141,2026-05-13,Weather,47,839,0
OUT-177,SITE-1068,2025-06-26,Congestion,174,2038,0
OUT-178,SITE-1165,2026-03-02,Weather,117,830,0
OUT-179,SITE-1153,2025-06-24,Weather,71,2894,0
OUT-180,SITE-1081,2026-02-28,Congestion,142,1305,0
OUT-181,SITE-1110,2025-10-28,Hardware Fault,27,3969,0
OUT-182,SITE-1113,2025-10-16,Weather,167,2038,0
OUT-183,SITE-1199,2025-03-09,Congestion,145,3092,0
OUT-184,SITE-1112,2026-02-24,Weather,66,894,0
OUT-185,SITE-1030,2025-11-01,Hardware Fault,127,5988,0
OUT-186,SITE-1237,2025-05-10,Weather,156,509,0
OUT-187,SITE-1223,2025-01-04,Power Failure,41,1545,0
OUT-188,SITE-1111,2025-06-12,Power Failure,36,1387,0
OUT-189,SITE-1141,2026-03-27,Hardware Fault,285,3689,1
OUT-190,SITE-1157,2026-04-17,Fiber Cut,377,1085,1
OUT-191,SITE-1083,2025-08-03,Congestion,93,247,0
OUT-192,SITE-1254,2025-11-21,Power Failure,88,2842,0
OUT-193,SITE-1230,2025-06-05,Fiber Cut,331,5652,1
OUT-194,SITE-1137,2026-02-15,Congestion,160,2254,0
OUT-195,SITE-1068,2025-06-17,Power Failure,109,1022,0
OUT-196,SITE-1150,2025-11-28,Congestion,240,387,0
OUT-197,SITE-1082,2025-11-08,Power Failure,202,2406,0
OUT-198,SITE-1153,2025-10-19,Power Failure,76,4246,0
OUT-199,SITE-1007,2025-09-25,Hardware Fault,118,952,0
OUT-200,SITE-1063,2025-08-03,Weather,131,4792,0
OUT-201,SITE-1179,2025-07-17,Weather,119,4352,0
OUT-202,SITE-1207,2025-10-13,Congestion,40,3190,0
OUT-203,SITE-1062,2025-05-18,Weather,128,5870,0
OUT-204,SITE-1158,2025-08-02,Hardware Fault,39,5165,0
OUT-205,SITE-1204,2025-05-15,Power Failure,42,2824,0
OUT-206,SITE-1003,2025-11-14,Power Failure,115,4138,0
OUT-207,SITE-1236,2025-09-08,Power Failure,209,4591,0
OUT-208,SITE-1073,2025-12-21,Power Failure,224,5351,0
OUT-209,SITE-1028,2025-02-27,Weather,130,3275,0
OUT-210,SITE-1031,2025-10-06,Weather,116,5378,0
OUT-211,SITE-1136,2025-06-04,Fiber Cut,167,1647,0
OUT-212,SITE-1108,2025-12-02,Hardware Fault,152,3863,0
OUT-213,SITE-1288,2025-01-03,Fiber Cut,118,3716,0
OUT-214,SITE-1091,2025-10-27,Power Failure,123,1887,0
OUT-215,SITE-1277,2025-08-25,Hardware Fault,127,4978,0
OUT-216,SITE-1222,2025-06-19,Power Failure,95,3896,0
OUT-217,SITE-1287,2025-08-14,Hardware Fault,69,3696,0
OUT-218,SITE-1007,2025-08-16,Weather,27,265,0
OUT-219,SITE-1291,2025-03-02,Fiber Cut,133,2126,0
OUT-220,SITE-1228,2026-04-17,Power Failure,223,3004,0
OUT-221,SITE-1237,2025-08-03,Power Failure,243,4679,1
OUT-222,SITE-1137,2025-11-16,Congestion,49,1059,0
OUT-223,SITE-1165,2025-07-17,Power Failure,120,4027,0
OUT-224,SITE-1257,2025-02-08,Fiber Cut,238,1219,0
OUT-225,SITE-1166,2025-07-30,Weather,192,948,0
OUT-226,SITE-1258,2025-04-24,Power Failure,126,4538,0
OUT-227,SITE-1116,2025-03-12,Hardware Fault,249,3980,1
OUT-228,SITE-1014,2025-06-05,Fiber Cut,213,4212,0
OUT-229,SITE-1077,2026-05-04,Power Failure,45,3326,0
OUT-230,SITE-1042,2026-04-11,Power Failure,77,5743,0
OUT-231,SITE-1215,2026-03-16,Power Failure,78,5311,0
OUT-232,SITE-1224,2026-02-07,Congestion,98,619,0
OUT-233,SITE-1043,2025-07-01,Hardware Fault,355,5453,1
OUT-234,SITE-1144,2026-04-14,Hardware Fault,237,5491,0
OUT-235,SITE-1269,2026-05-21,Hardware Fault,159,998,0
OUT-236,SITE-1012,2025-11-20,Congestion,156,1841,0
OUT-237,SITE-1099,2025-05-25,Power Failure,96,5300,0
OUT-238,SITE-1296,2026-01-06,Power Failure,122,5348,0
OUT-239,SITE-1208,2025-12-07,Fiber Cut,296,765,1
OUT-240,SITE-1270,2025-12-28,Hardware Fault,349,1570,1
OUT-241,SITE-1171,2025-08-25,Congestion,158,2174,0
OUT-242,SITE-1050,2025-08-19,Hardware Fault,105,4600,0
OUT-243,SITE-1024,2025-04-06,Power Failure,156,4561,0
OUT-244,SITE-1032,2026-01-29,Hardware Fault,330,2117,1
OUT-245,SITE-1132,2025-09-22,Power Failure,97,2251,0
OUT-246,SITE-1080,2025-04-02,Fiber Cut,186,1276,0
OUT-247,SITE-1137,2025-06-21,Power Failure,265,478,1
OUT-248,SITE-1105,2026-03-02,Power Failure,74,5969,0
OUT-249,SITE-1022,2026-02-14,Power Failure,140,5939,0
OUT-250,SITE-1078,2025-11-09,Congestion,40,3492,0
OUT-251,SITE-1060,2025-03-11,Fiber Cut,207,2985,0
OUT-252,SITE-1234,2025-11-24,Congestion,138,1292,0
OUT-253,SITE-1074,2025-11-14,Hardware Fault,231,5619,0
OUT-254,SITE-1066,2025-01-16,Fiber Cut,158,1676,0
OUT-255,SITE-1130,2025-11-06,Power Failure,120,5837,0
OUT-256,SITE-1288,2025-01-16,Hardware Fault,70,1282,0
OUT-257,SITE-1074,2026-01-22,Hardware Fault,91,5483,0
OUT-258,SITE-1106,2026-04-19,Power Failure,99,4661,0
OUT-259,SITE-1063,2025-12-29,Power Failure,77,4296,0
OUT-260,SITE-1086,2025-04-06,Congestion,37,4762,0
OUT-261,SITE-1064,2025-03-19,Hardware Fault,231,3108,0
OUT-262,SITE-1273,2025-10-10,Weather,100,1248,0
OUT-263,SITE-1227,2026-05-20,Hardware Fault,245,4395,1
OUT-264,SITE-1212,2026-02-28,Fiber Cut,170,2428,0
OUT-265,SITE-1156,2025-08-22,Hardware Fault,163,400,0
OUT-266,SITE-1016,2026-04-22,Weather,615,2549,1
OUT-267,SITE-1004,2025-06-02,Fiber Cut,290,4802,1
OUT-268,SITE-1277,2026-03-12,Weather,112,5079,0
OUT-269,SITE-1169,2025-03-06,Weather,154,1322,0
OUT-270,SITE-1207,2025-03-07,Power Failure,147,2076,0
OUT-271,SITE-1044,2025-11-28,Power Failure,109,842,0
OUT-272,SITE-1165,2026-05-15,Hardware Fault,91,3611,0
OUT-273,SITE-1279,2025-05-15,Fiber Cut,275,730,1
OUT-274,SITE-1104,2025-08-11,Hardware Fault,98,5869,0
OUT-275,SITE-1206,2026-05-21,Hardware Fault,36,5266,0
OUT-276,SITE-1147,2025-01-07,Fiber Cut,231,648,0
OUT-277,SITE-1109,2025-08-24,Fiber Cut,198,5166,0
OUT-278,SITE-1161,2025-08-02,Hardware Fault,57,1805,0
OUT-279,SITE-1209,2026-01-13,Power Failure,153,3933,0
OUT-280,SITE-1260,2025-03-04,Hardware Fault,35,4543,0
OUT-281,SITE-1031,2025-03-19,Fiber Cut,268,644,1
OUT-282,SITE-1043,2026-01-08,Power Failure,196,4704,0
OUT-283,SITE-1116,2025-03-07,Fiber Cut,355,2093,1
OUT-284,SITE-1061,2025-04-23,Power Failure,27,4320,0
OUT-285,SITE-1233,2025-11-22,Power Failure,88,5086,0
OUT-286,SITE-1041,2025-10-03,Fiber Cut,221,4642,0
OUT-287,SITE-1104,2025-09-07,Power Failure,58,4869,0
OUT-288,SITE-1001,2025-03-24,Power Failure,174,4502,0
OUT-289,SITE-1087,2025-06-17,Weather,120,1592,0
OUT-290,SITE-1040,2026-01-14,Fiber Cut,217,1162,0
OUT-291,SITE-1191,2026-05-14,Fiber Cut,347,1082,1
OUT-292,SITE-1141,2026-02-11,Power Failure,142,1028,0
OUT-293,SITE-1008,2025-10-09,Hardware Fault,39,3382,0
OUT-294,SITE-1158,2025-01-09,Fiber Cut,208,5303,0
OUT-295,SITE-1018,2025-06-18,Hardware Fault,131,3223,0
OUT-296,SITE-1147,2025-03-17,Weather,191,4009,0
OUT-297,SITE-1201,2025-06-19,Power Failure,118,3006,0
OUT-298,SITE-1103,2026-03-20,Congestion,178,2498,0
OUT-299,SITE-1083,2025-12-07,Power Failure,162,5564,0
OUT-300,SITE-1070,2026-05-09,Power Failure,38,2766,0
OUT-301,SITE-1180,2026-03-04,Weather,47,5534,0
OUT-302,SITE-1111,2026-01-03,Power Failure,104,4317,0
OUT-303,SITE-1252,2025-04-14,Fiber Cut,147,1712,0
OUT-304,SITE-1237,2025-04-06,Hardware Fault,277,4316,1
OUT-305,SITE-1294,2025-10-11,Hardware Fault,231,3992,0
OUT-306,SITE-1013,2025-12-14,Power Failure,43,2118,0
OUT-307,SITE-1219,2025-04-26,Power Failure,95,1957,0
OUT-308,SITE-1049,2026-04-19,Power Failure,135,2582,0
OUT-309,SITE-1289,2025-01-24,Hardware Fault,196,2481,0
OUT-310,SITE-1035,2025-11-28,Power Failure,39,307,0
OUT-311,SITE-1158,2025-03-04,Fiber Cut,190,5488,0
OUT-312,SITE-1044,2026-04-22,Congestion,95,2878,0
OUT-313,SITE-1193,2025-11-11,Hardware Fault,129,1066,0
OUT-314,SITE-1262,2025-09-10,Power Failure,162,5247,0
OUT-315,SITE-1170,2026-02-08,Congestion,73,3918,0
OUT-316,SITE-1173,2025-04-17,Fiber Cut,524,2752,1
OUT-317,SITE-1277,2026-03-10,Hardware Fault,90,3579,0
OUT-318,SITE-1165,2025-11-24,Weather,352,5101,1
OUT-319,SITE-1114,2025-03-21,Power Failure,49,2646,0
OUT-320,SITE-1290,2025-07-18,Power Failure,120,5404,0
OUT-321,SITE-1069,2025-04-25,Power Failure,205,1051,0
OUT-322,SITE-1123,2025-05-12,Congestion,52,729,0
OUT-323,SITE-1209,2026-01-28,Weather,64,4765,0
OUT-324,SITE-1195,2025-04-05,Power Failure,58,5468,0
OUT-325,SITE-1089,2025-05-09,Weather,73,4493,0
OUT-326,SITE-1206,2026-01-09,Fiber Cut,160,1624,0
OUT-327,SITE-1149,2025-07-27,Hardware Fault,220,3796,0
OUT-328,SITE-1165,2025-01-06,Power Failure,71,1594,0
OUT-329,SITE-1180,2025-10-13,Fiber Cut,117,213,0
OUT-330,SITE-1276,2026-04-27,Fiber Cut,193,5136,0
OUT-331,SITE-1094,2026-01-28,Power Failure,160,3564,0
OUT-332,SITE-1132,2025-08-06,Fiber Cut,147,5906,0
OUT-333,SITE-1169,2026-05-20,Weather,60,3890,0
OUT-334,SITE-1113,2026-05-21,Weather,211,1261,0
OUT-335,SITE-1080,2025-09-05,Hardware Fault,78,5393,0
OUT-336,SITE-1083,2025-06-22,Hardware Fault,51,4106,0
OUT-337,SITE-1279,2025-12-01,Power Failure,252,213,1
OUT-338,SITE-1111,2025-01-25,Fiber Cut,364,1784,1
OUT-339,SITE-1278,2025-08-20,Weather,105,4343,0
OUT-340,SITE-1102,2026-04-09,Congestion,219,4379,0
OUT-341,SITE-1258,2025-10-04,Power Failure,60,1500,0
OUT-342,SITE-1283,2026-05-09,Power Failure,314,4483,1
OUT-343,SITE-1263,2025-12-11,Hardware Fault,55,2957,0
OUT-344,SITE-1291,2025-10-06,Power Failure,24,5260,0
OUT-345,SITE-1032,2025-06-23,Congestion,79,2845,0
OUT-346,SITE-1193,2025-11-11,Congestion,258,1181,1
OUT-347,SITE-1272,2025-05-20,Power Failure,60,893,0
OUT-348,SITE-1200,2025-10-27,Fiber Cut,137,2132,0
OUT-349,SITE-1274,2025-12-21,Power Failure,133,2493,0
OUT-350,SITE-1123,2025-03-22,Hardware Fault,44,5278,0
OUT-351,SITE-1186,2025-07-10,Weather,174,3068,0
OUT-352,SITE-1253,2026-01-17,Congestion,139,830,0
OUT-353,SITE-1090,2025-06-12,Power Failure,241,415,1
OUT-354,SITE-1170,2026-05-05,Power Failure,147,4313,0
OUT-355,SITE-1083,2025-04-29,Fiber Cut,231,278,0
OUT-356,SITE-1178,2025-08-05,Power Failure,112,388,0
OUT-357,SITE-1156,2026-02-24,Power Failure,63,3356,0
OUT-358,SITE-1059,2025-06-13,Fiber Cut,174,5708,0
OUT-359,SITE-1134,2026-04-10,Power Failure,157,5275,0
OUT-360,SITE-1267,2025-09-02,Weather,75,3172,0
OUT-361,SITE-1221,2025-04-16,Congestion,103,5378,0
OUT-362,SITE-1159,2025-09-05,Fiber Cut,163,1978,0
OUT-363,SITE-1287,2025-05-07,Power Failure,72,533,0
OUT-364,SITE-1219,2025-02-02,Weather,84,4133,0
OUT-365,SITE-1126,2025-11-23,Fiber Cut,193,2834,0
OUT-366,SITE-1245,2026-01-20,Congestion,27,5107,0
OUT-367,SITE-1108,2025-05-20,Power Failure,338,279,1
OUT-368,SITE-1015,2026-02-02,Fiber Cut,210,3012,0
OUT-369,SITE-1166,2025-06-19,Weather,61,230,0
OUT-370,SITE-1108,2025-10-25,Power Failure,129,4444,0
OUT-371,SITE-1259,2026-02-26,Congestion,121,3526,0
OUT-372,SITE-1221,2026-05-07,Power Failure,169,1851,0
OUT-373,SITE-1083,2025-07-19,Congestion,228,694,0
OUT-374,SITE-1188,2025-05-01,Weather,101,3442,0
OUT-375,SITE-1133,2025-12-27,Weather,102,3321,0
OUT-376,SITE-1298,2025-06-03,Congestion,126,4904,0
OUT-377,SITE-1009,2026-03-12,Fiber Cut,208,4872,0
OUT-378,SITE-1260,2025-01-06,Power Failure,45,1534,0
OUT-379,SITE-1031,2025-01-23,Fiber Cut,216,1669,0
OUT-380,SITE-1045,2025-05-05,Fiber Cut,272,605,1
OUT-381,SITE-1012,2025-06-28,Power Failure,204,3354,0
OUT-382,SITE-1266,2025-11-12,Weather,37,522,0
OUT-383,SITE-1205,2025-01-30,Fiber Cut,307,2769,1
OUT-384,SITE-1197,2025-08-20,Fiber Cut,225,2727,0
OUT-385,SITE-1203,2025-09-12,Weather,94,5915,0
OUT-386,SITE-1233,2025-05-31,Fiber Cut,130,2589,0
OUT-387,SITE-1246,2026-02-22,Fiber Cut,135,4951,0
OUT-388,SITE-1192,2025-01-19,Power Failure,21,3383,0
OUT-389,SITE-1196,2025-01-25,Fiber Cut,260,2799,1
OUT-390,SITE-1027,2025-12-06,Fiber Cut,161,3656,0
OUT-391,SITE-1236,2026-05-18,Weather,69,4697,0
OUT-392,SITE-1138,2025-01-21,Fiber Cut,138,3562,0
OUT-393,SITE-1285,2025-07-31,Hardware Fault,119,958,0
OUT-394,SITE-1082,2026-04-24,Congestion,130,398,0
OUT-395,SITE-1074,2026-03-22,Fiber Cut,243,3292,1
OUT-396,SITE-1119,2025-02-23,Power Failure,79,1171,0
OUT-397,SITE-1295,2025-06-18,Hardware Fault,82,3593,0
OUT-398,SITE-1084,2025-02-23,Congestion,352,2055,1
OUT-399,SITE-1284,2025-08-08,Weather,207,1417,0
OUT-400,SITE-1118,2025-08-28,Fiber Cut,150,3930,0
OUT-401,SITE-1129,2025-08-05,Weather,126,2977,0
OUT-402,SITE-1113,2025-02-01,Congestion,82,321,0
OUT-403,SITE-1062,2026-03-16,Congestion,105,4528,0
OUT-404,SITE-1157,2025-08-05,Hardware Fault,397,5445,1
OUT-405,SITE-1112,2025-08-11,Weather,98,4279,0
OUT-406,SITE-1134,2026-04-04,Fiber Cut,284,836,1
OUT-407,SITE-1090,2025-08-16,Fiber Cut,118,1952,0
OUT-408,SITE-1057,2025-11-29,Power Failure,240,3829,0
OUT-409,SITE-1027,2025-08-21,Weather,51,1896,0
OUT-410,SITE-1203,2026-02-07,Weather,263,2631,1
OUT-411,SITE-1269,2026-03-21,Congestion,104,4814,0
OUT-412,SITE-1092,2026-02-23,Hardware Fault,158,2465,0
OUT-413,SITE-1053,2026-03-27,Weather,53,4232,0
OUT-414,SITE-1104,2025-07-26,Power Failure,77,3169,0
OUT-415,SITE-1056,2025-10-10,Fiber Cut,513,2285,1
OUT-416,SITE-1182,2025-04-16,Hardware Fault,128,1224,0
OUT-417,SITE-1272,2025-08-06,Weather,111,661,0
OUT-418,SITE-1286,2026-05-07,Weather,38,1767,0
OUT-419,SITE-1113,2025-12-21,Power Failure,307,1828,1
OUT-420,SITE-1240,2026-01-22,Weather,96,4712,0
OUT-421,SITE-1113,2026-05-10,Power Failure,96,1460,0
OUT-422,SITE-1258,2025-05-04,Fiber Cut,126,1095,0
OUT-423,SITE-1076,2025-12-12,Congestion,255,774,1
OUT-424,SITE-1094,2025-11-16,Weather,166,4420,0
OUT-425,SITE-1290,2025-02-08,Weather,16,4077,0
OUT-426,SITE-1233,2025-07-05,Hardware Fault,111,1909,0
OUT-427,SITE-1242,2025-05-17,Fiber Cut,510,2865,1
OUT-428,SITE-1014,2025-06-22,Weather,38,5694,0
OUT-429,SITE-1138,2025-11-11,Power Failure,35,854,0
OUT-430,SITE-1084,2025-10-28,Power Failure,166,3192,0
OUT-431,SITE-1252,2025-08-17,Power Failure,350,5265,1
OUT-432,SITE-1012,2026-02-19,Hardware Fault,124,2448,0
OUT-433,SITE-1272,2025-04-28,Weather,41,5986,0
OUT-434,SITE-1082,2025-04-26,Fiber Cut,226,5983,0
OUT-435,SITE-1020,2026-02-27,Hardware Fault,117,5589,0
OUT-436,SITE-1035,2025-06-06,Fiber Cut,181,1794,0
OUT-437,SITE-1120,2025-06-17,Congestion,158,1967,0
OUT-438,SITE-1137,2025-03-25,Fiber Cut,202,5802,0
OUT-439,SITE-1169,2025-08-07,Congestion,128,1910,0
OUT-440,SITE-1065,2025-11-17,Power Failure,40,402,0
OUT-441,SITE-1246,2025-04-04,Fiber Cut,146,2596,0
OUT-442,SITE-1013,2026-03-18,Fiber Cut,148,5380,0
OUT-443,SITE-1107,2025-12-09,Power Failure,157,4848,0
OUT-444,SITE-1165,2025-04-12,Hardware Fault,181,754,0
OUT-445,SITE-1240,2025-12-21,Hardware Fault,254,5460,1
OUT-446,SITE-1140,2026-03-22,Hardware Fault,331,2215,1
OUT-447,SITE-1057,2026-03-09,Hardware Fault,334,1763,1
OUT-448,SITE-1271,2025-03-23,Power Failure,110,2097,0
OUT-449,SITE-1283,2025-08-27,Fiber Cut,248,2611,1
OUT-450,SITE-1021,2026-01-01,Weather,72,5663,0
OUT-451,SITE-1168,2025-11-25,Power Failure,146,3129,0
OUT-452,SITE-1025,2025-01-02,Power Failure,123,5077,0
OUT-453,SITE-1220,2025-12-20,Power Failure,26,2544,0
OUT-454,SITE-1053,2025-06-28,Weather,97,4382,0
OUT-455,SITE-1054,2025-08-09,Power Failure,123,1048,0
OUT-456,SITE-1180,2025-08-19,Weather,134,4845,0
OUT-457,SITE-1212,2025-06-16,Power Failure,27,2819,0
OUT-458,SITE-1172,2026-01-21,Congestion,140,2723,0
OUT-459,SITE-1228,2025-03-18,Weather,192,3415,0
OUT-460,SITE-1044,2026-04-05,Weather,128,2854,0
OUT-461,SITE-1048,2025-09-02,Power Failure,135,5530,0
OUT-462,SITE-1029,2025-06-15,Weather,142,4305,0
OUT-463,SITE-1076,2025-08-12,Power Failure,112,2446,0
OUT-464,SITE-1240,2025-05-03,Fiber Cut,167,5336,0
OUT-465,SITE-1032,2026-01-17,Fiber Cut,158,3645,0
OUT-466,SITE-1052,2025-12-21,Fiber Cut,179,3854,0
OUT-467,SITE-1035,2025-07-16,Weather,137,1014,0
OUT-468,SITE-1024,2026-02-08,Weather,160,3917,0
OUT-469,SITE-1126,2025-01-17,Congestion,71,5990,0
OUT-470,SITE-1269,2026-01-19,Power Failure,115,5117,0
OUT-471,SITE-1190,2025-02-27,Fiber Cut,237,5777,0
OUT-472,SITE-1251,2025-05-20,Fiber Cut,164,1928,0
OUT-473,SITE-1168,2025-06-10,Weather,117,4573,0
OUT-474,SITE-1108,2025-05-19,Weather,104,1482,0
OUT-475,SITE-1049,2025-06-27,Fiber Cut,303,5652,1
OUT-476,SITE-1289,2025-10-10,Fiber Cut,596,1607,1
OUT-477,SITE-1229,2025-03-04,Congestion,44,861,0
OUT-478,SITE-1082,2025-12-19,Power Failure,234,5821,0
OUT-479,SITE-1084,2025-05-24,Weather,218,947,0
OUT-480,SITE-1195,2025-03-07,Weather,180,4958,0
OUT-481,SITE-1009,2026-01-20,Power Failure,120,2403,0
OUT-482,SITE-1101,2025-02-05,Congestion,222,5919,0
OUT-483,SITE-1032,2026-05-16,Weather,100,685,0
OUT-484,SITE-1233,2025-10-08,Fiber Cut,324,1828,1
OUT-485,SITE-1133,2025-09-23,Power Failure,105,2563,0
OUT-486,SITE-1044,2026-04-14,Power Failure,190,1828,0
OUT-487,SITE-1110,2025-08-31,Fiber Cut,218,4793,0
OUT-488,SITE-1028,2025-12-28,Weather,142,2367,0
OUT-489,SITE-1143,2025-08-21,Power Failure,109,3698,0
OUT-490,SITE-1209,2026-04-16,Power Failure,109,5797,0
OUT-491,SITE-1041,2025-07-17,Fiber Cut,147,421,0
OUT-492,SITE-1057,2025-04-30,Fiber Cut,173,839,0
OUT-493,SITE-1175,2025-09-24,Congestion,58,4193,0
OUT-494,SITE-1276,2025-01-29,Weather,129,5804,0
OUT-495,SITE-1147,2026-02-22,Power Failure,47,3512,0
OUT-496,SITE-1050,2025-12-16,Fiber Cut,180,5329,0
OUT-497,SITE-1201,2025-11-17,Hardware Fault,298,423,1
OUT-498,SITE-1144,2026-04-20,Fiber Cut,179,1317,0
OUT-499,SITE-1093,2026-02-23,Power Failure,145,2784,0
OUT-500,SITE-1084,2026-05-17,Fiber Cut,312,5866,1
OUT-501,SITE-1291,2025-07-02,Power Failure,144,2505,0
OUT-502,SITE-1134,2025-07-29,Congestion,65,1132,0
OUT-503,SITE-1077,2025-05-26,Fiber Cut,336,967,1
OUT-504,SITE-1108,2025-03-23,Weather,76,3932,0
OUT-505,SITE-1228,2025-09-01,Hardware Fault,19,3564,0
OUT-506,SITE-1020,2025-01-16,Power Failure,147,625,0
OUT-507,SITE-1214,2025-04-18,Power Failure,56,3573,0
OUT-508,SITE-1033,2025-10-06,Power Failure,108,3321,0
OUT-509,SITE-1069,2026-02-08,Fiber Cut,227,3882,0
OUT-510,SITE-1066,2025-01-26,Power Failure,27,3697,0
OUT-511,SITE-1004,2025-09-02,Power Failure,85,4635,0
OUT-512,SITE-1171,2025-06-22,Hardware Fault,137,1977,0
OUT-513,SITE-1242,2026-04-15,Power Failure,99,2106,0
OUT-514,SITE-1011,2025-12-29,Fiber Cut,276,2069,1
OUT-515,SITE-1003,2026-05-24,Fiber Cut,173,4004,0
OUT-516,SITE-1108,2025-05-16,Power Failure,111,254,0
OUT-517,SITE-1023,2026-03-20,Congestion,217,3738,0
OUT-518,SITE-1125,2025-10-15,Power Failure,110,558,0
OUT-519,SITE-1248,2025-02-04,Congestion,162,5476,0
OUT-520,SITE-1146,2025-10-16,Power Failure,48,5146,0
OUT-521,SITE-1202,2025-01-24,Hardware Fault,33,277,0
OUT-522,SITE-1095,2026-03-05,Fiber Cut,309,1936,1
OUT-523,SITE-1027,2025-04-19,Power Failure,94,5688,0
OUT-524,SITE-1054,2025-07-25,Fiber Cut,202,5221,0
OUT-525,SITE-1262,2025-10-19,Weather,69,2342,0
OUT-526,SITE-1013,2025-03-20,Weather,79,2975,0
OUT-527,SITE-1276,2025-09-13,Hardware Fault,85,3672,0
OUT-528,SITE-1235,2025-07-24,Power Failure,167,2661,0
OUT-529,SITE-1229,2025-06-20,Power Failure,55,1919,0
OUT-530,SITE-1003,2025-01-06,Power Failure,80,5836,0
OUT-531,SITE-1128,2025-10-18,Power Failure,74,1749,0
OUT-532,SITE-1017,2025-11-27,Hardware Fault,299,1599,1
OUT-533,SITE-1293,2026-01-01,Fiber Cut,324,1355,1
OUT-534,SITE-1008,2025-09-25,Power Failure,91,377,0
OUT-535,SITE-1154,2025-04-29,Hardware Fault,94,882,0
OUT-536,SITE-1093,2026-03-15,Hardware Fault,191,1346,0
OUT-537,SITE-1149,2025-09-30,Power Failure,114,4985,0
OUT-538,SITE-1047,2025-08-27,Power Failure,32,1208,0
OUT-539,SITE-1275,2025-02-07,Congestion,83,467,0
OUT-540,SITE-1099,2025-10-08,Hardware Fault,200,2656,0
OUT-541,SITE-1245,2025-09-22,Power Failure,379,1406,1
OUT-542,SITE-1027,2026-03-10,Hardware Fault,81,399,0
OUT-543,SITE-1264,2025-06-14,Fiber Cut,238,2158,0
OUT-544,SITE-1125,2025-07-24,Hardware Fault,146,3846,0
OUT-545,SITE-1061,2025-07-31,Hardware Fault,130,5362,0
OUT-546,SITE-1017,2025-11-08,Hardware Fault,93,1639,0
OUT-547,SITE-1153,2025-02-24,Power Failure,165,3501,0
OUT-548,SITE-1238,2026-04-09,Hardware Fault,296,1005,1
OUT-549,SITE-1191,2025-05-14,Fiber Cut,259,1738,1
OUT-550,SITE-1060,2025-10-20,Power Failure,213,1255,0
OUT-551,SITE-1289,2026-04-17,Power Failure,102,5973,0
OUT-552,SITE-1082,2026-05-16,Power Failure,153,501,0
OUT-553,SITE-1253,2026-01-19,Power Failure,56,4325,0
OUT-554,SITE-1084,2025-07-17,Weather,76,2526,0
OUT-555,SITE-1053,2025-06-23,Hardware Fault,123,4498,0
OUT-556,SITE-1197,2026-05-22,Fiber Cut,295,1270,1
OUT-557,SITE-1135,2025-10-16,Power Failure,85,4796,0
OUT-558,SITE-1110,2026-01-05,Weather,242,2162,1
OUT-559,SITE-1188,2025-05-26,Hardware Fault,85,2303,0
OUT-560,SITE-1071,2025-07-29,Weather,108,1454,0
OUT-561,SITE-1207,2026-02-23,Weather,110,3269,0
OUT-562,SITE-1243,2026-04-25,Hardware Fault,210,5305,0
OUT-563,SITE-1082,2026-01-11,Power Failure,120,5476,0
OUT-564,SITE-1262,2025-11-04,Weather,341,3215,1
OUT-565,SITE-1166,2025-05-01,Congestion,181,4539,0
OUT-566,SITE-1043,2025-03-21,Weather,198,972,0
OUT-567,SITE-1134,2025-10-05,Hardware Fault,80,1940,0
OUT-568,SITE-1253,2025-01-06,Power Failure,375,387,1
OUT-569,SITE-1229,2026-02-23,Fiber Cut,231,3565,0
OUT-570,SITE-1176,2026-03-22,Fiber Cut,224,2370,0
OUT-571,SITE-1288,2025-05-07,Fiber Cut,294,5923,1
OUT-572,SITE-1294,2025-07-15,Hardware Fault,161,3496,0
OUT-573,SITE-1015,2025-12-23,Fiber Cut,177,2550,0
OUT-574,SITE-1055,2025-11-14,Power Failure,54,5410,0
OUT-575,SITE-1210,2025-11-21,Hardware Fault,191,355,0
OUT-576,SITE-1052,2026-02-19,Hardware Fault,196,3550,0
OUT-577,SITE-1028,2025-04-09,Fiber Cut,587,849,1
OUT-578,SITE-1293,2026-01-07,Power Failure,45,4165,0
OUT-579,SITE-1266,2025-01-05,Congestion,39,5962,0
OUT-580,SITE-1035,2025-12-31,Power Failure,117,2301,0
OUT-581,SITE-1003,2025-03-10,Power Failure,157,2771,0
OUT-582,SITE-1041,2026-03-10,Hardware Fault,110,2918,0
OUT-583,SITE-1222,2026-01-09,Fiber Cut,178,2404,0
OUT-584,SITE-1216,2025-09-09,Weather,190,4994,0
OUT-585,SITE-1229,2026-04-11,Power Failure,61,1580,0
OUT-586,SITE-1276,2025-01-22,Fiber Cut,176,2000,0
OUT-587,SITE-1082,2025-12-04,Power Failure,44,3745,0
OUT-588,SITE-1071,2025-02-06,Fiber Cut,279,4992,1
OUT-589,SITE-1045,2025-01-20,Fiber Cut,281,5542,1
OUT-590,SITE-1119,2026-03-04,Weather,92,4601,0
OUT-591,SITE-1102,2025-12-30,Hardware Fault,39,1402,0
OUT-592,SITE-1187,2025-03-10,Weather,146,3012,0
OUT-593,SITE-1183,2025-01-15,Power Failure,142,812,0
OUT-594,SITE-1116,2025-02-13,Hardware Fault,135,1376,0
OUT-595,SITE-1246,2025-07-08,Fiber Cut,119,3326,0
OUT-596,SITE-1204,2026-05-21,Congestion,349,2022,1
OUT-597,SITE-1219,2025-12-14,Weather,120,1090,0
OUT-598,SITE-1201,2025-04-28,Power Failure,197,2316,0
OUT-599,SITE-1265,2025-12-21,Fiber Cut,233,1875,0
OUT-600,SITE-1244,2025-04-17,Weather,87,2800,0
OUT-601,SITE-1005,2025-03-23,Weather,46,5205,0
OUT-602,SITE-1071,2026-02-23,Power Failure,169,3038,0
OUT-603,SITE-1003,2025-08-30,Fiber Cut,251,2347,1
OUT-604,SITE-1298,2026-04-02,Fiber Cut,305,385,1
OUT-605,SITE-1233,2025-07-16,Hardware Fault,137,5526,0
OUT-606,SITE-1004,2026-03-19,Weather,76,5758,0
OUT-607,SITE-1241,2025-06-01,Hardware Fault,120,418,0
OUT-608,SITE-1014,2026-04-26,Hardware Fault,338,2953,1
OUT-609,SITE-1009,2025-11-15,Fiber Cut,188,591,0
OUT-610,SITE-1224,2025-09-11,Power Failure,93,3745,0
OUT-611,SITE-1105,2025-04-02,Weather,221,3790,0
OUT-612,SITE-1287,2025-06-20,Power Failure,118,1410,0
OUT-613,SITE-1279,2025-01-16,Hardware Fault,161,4647,0
OUT-614,SITE-1016,2025-07-28,Power Failure,184,1189,0
OUT-615,SITE-1104,2025-03-13,Hardware Fault,166,945,0
OUT-616,SITE-1032,2026-01-02,Weather,99,2547,0
OUT-617,SITE-1186,2025-04-06,Hardware Fault,216,4542,0
OUT-618,SITE-1284,2025-01-14,Fiber Cut,351,1287,1
OUT-619,SITE-1153,2025-12-17,Hardware Fault,138,2196,0
OUT-620,SITE-1161,2025-11-18,Power Failure,95,4376,0
OUT-621,SITE-1093,2025-06-24,Power Failure,219,1086,0
OUT-622,SITE-1198,2026-04-15,Congestion,55,3122,0
OUT-623,SITE-1241,2025-10-08,Fiber Cut,171,1531,0
OUT-624,SITE-1183,2025-10-09,Hardware Fault,175,2781,0
OUT-625,SITE-1154,2025-09-17,Power Failure,193,2970,0
OUT-626,SITE-1100,2025-04-21,Hardware Fault,77,5369,0
OUT-627,SITE-1224,2025-04-17,Hardware Fault,128,859,0
OUT-628,SITE-1114,2026-01-22,Fiber Cut,207,4516,0
OUT-629,SITE-1039,2026-05-10,Power Failure,119,3362,0
OUT-630,SITE-1212,2025-03-05,Fiber Cut,104,1678,0
OUT-631,SITE-1123,2025-07-14,Hardware Fault,121,4604,0
OUT-632,SITE-1015,2026-04-09,Weather,213,2328,0
OUT-633,SITE-1231,2025-06-12,Weather,92,4406,0
OUT-634,SITE-1166,2025-07-26,Weather,43,3779,0
OUT-635,SITE-1121,2026-03-18,Hardware Fault,178,2622,0
OUT-636,SITE-1100,2025-11-27,Hardware Fault,105,4445,0
OUT-637,SITE-1230,2025-05-06,Fiber Cut,314,2455,1
OUT-638,SITE-1147,2026-03-03,Fiber Cut,278,2048,1
OUT-639,SITE-1211,2025-11-18,Power Failure,69,2639,0
OUT-640,SITE-1234,2025-08-21,Weather,89,630,0
OUT-641,SITE-1264,2026-03-14,Fiber Cut,260,253,1
OUT-642,SITE-1068,2025-10-07,Power Failure,288,1294,1
OUT-643,SITE-1077,2025-03-05,Weather,61,2553,0
OUT-644,SITE-1246,2025-03-15,Fiber Cut,247,2168,1
OUT-645,SITE-1023,2025-07-01,Power Failure,173,3832,0
OUT-646,SITE-1070,2026-04-13,Power Failure,61,5181,0
OUT-647,SITE-1057,2025-05-03,Power Failure,68,4678,0
OUT-648,SITE-1063,2025-12-05,Power Failure,52,4501,0
OUT-649,SITE-1246,2025-12-13,Hardware Fault,62,2891,0
OUT-650,SITE-1127,2025-12-19,Fiber Cut,184,5763,0
OUT-651,SITE-1255,2026-05-16,Fiber Cut,124,791,0
OUT-652,SITE-1081,2025-04-02,Hardware Fault,244,2129,1
OUT-653,SITE-1180,2025-05-28,Hardware Fault,125,1408,0
OUT-654,SITE-1255,2025-11-23,Fiber Cut,413,1909,1
OUT-655,SITE-1242,2025-11-14,Fiber Cut,136,3181,0
OUT-656,SITE-1161,2025-01-27,Power Failure,245,2186,1
OUT-657,SITE-1007,2025-09-13,Power Failure,41,2119,0
OUT-658,SITE-1236,2025-03-06,Congestion,102,3211,0
OUT-659,SITE-1263,2025-01-28,Power Failure,456,2909,1
OUT-660,SITE-1267,2026-04-06,Hardware Fault,219,3806,0
OUT-661,SITE-1221,2026-01-12,Power Failure,100,977,0
OUT-662,SITE-1023,2025-01-09,Fiber Cut,219,414,0
OUT-663,SITE-1188,2026-05-09,Hardware Fault,89,2680,0
OUT-664,SITE-1188,2025-08-01,Hardware Fault,109,1617,0
OUT-665,SITE-1208,2025-09-11,Weather,32,1720,0
OUT-666,SITE-1054,2025-06-03,Congestion,155,1734,0
OUT-667,SITE-1249,2025-12-04,Hardware Fault,125,3960,0
OUT-668,SITE-1079,2025-02-06,Power Failure,62,3297,0
OUT-669,SITE-1102,2025-02-03,Hardware Fault,211,4769,0
OUT-670,SITE-1070,2026-01-15,Congestion,154,4667,0
OUT-671,SITE-1124,2026-01-22,Hardware Fault,127,2322,0
OUT-672,SITE-1272,2026-05-03,Hardware Fault,149,4717,0
OUT-673,SITE-1215,2025-01-19,Fiber Cut,202,1247,0
OUT-674,SITE-1000,2025-07-27,Fiber Cut,216,1049,0
OUT-675,SITE-1164,2026-02-01,Weather,131,4627,0
OUT-676,SITE-1281,2026-02-13,Fiber Cut,139,3688,0
OUT-677,SITE-1040,2025-09-30,Weather,18,1604,0
OUT-678,SITE-1190,2026-01-08,Hardware Fault,92,745,0
OUT-679,SITE-1054,2025-12-22,Fiber Cut,290,3482,1
OUT-680,SITE-1037,2025-05-23,Fiber Cut,220,2860,0
OUT-681,SITE-1287,2025-11-11,Congestion,135,4495,0
OUT-682,SITE-1280,2026-01-04,Hardware Fault,17,1206,0
OUT-683,SITE-1160,2026-04-04,Fiber Cut,220,1738,0
OUT-684,SITE-1200,2025-05-16,Power Failure,174,292,0
OUT-685,SITE-1205,2025-10-11,Weather,48,1366,0
OUT-686,SITE-1097,2025-05-16,Power Failure,188,1792,0
OUT-687,SITE-1167,2026-03-23,Power Failure,48,3363,0
OUT-688,SITE-1171,2025-11-08,Fiber Cut,155,351,0
OUT-689,SITE-1223,2025-03-07,Weather,268,2767,1
OUT-690,SITE-1207,2026-03-01,Hardware Fault,16,1531,0
OUT-691,SITE-1149,2025-12-15,Hardware Fault,110,586,0
OUT-692,SITE-1149,2025-12-15,Power Failure,93,4751,0
OUT-693,SITE-1248,2026-05-01,Fiber Cut,149,4426,0
OUT-694,SITE-1002,2026-02-17,Fiber Cut,250,883,1
OUT-695,SITE-1213,2025-02-26,Fiber Cut,204,1702,0
OUT-696,SITE-1294,2025-12-14,Congestion,84,367,0
OUT-697,SITE-1112,2025-11-19,Hardware Fault,66,2121,0
OUT-698,SITE-1191,2025-10-02,Weather,47,2987,0
OUT-699,SITE-1131,2025-05-28,Power Failure,91,5322,0
OUT-700,SITE-1106,2025-06-22,Hardware Fault,32,2247,0
OUT-701,SITE-1254,2025-12-29,Fiber Cut,129,307,0
OUT-702,SITE-1253,2026-01-05,Power Failure,244,1446,1
OUT-703,SITE-1140,2025-01-02,Power Failure,297,3565,1
OUT-704,SITE-1050,2025-10-11,Congestion,70,1541,0
OUT-705,SITE-1248,2026-01-09,Fiber Cut,406,5071,1
OUT-706,SITE-1108,2025-07-08,Power Failure,508,5140,1
OUT-707,SITE-1220,2026-01-18,Power Failure,160,3792,0
OUT-708,SITE-1288,2025-11-24,Weather,265,1782,1
OUT-709,SITE-1129,2025-02-14,Hardware Fault,51,2317,0
OUT-710,SITE-1269,2025-07-07,Congestion,146,1405,0
OUT-711,SITE-1046,2025-04-18,Weather,18,4425,0
OUT-712,SITE-1283,2026-01-26,Weather,67,2144,0
OUT-713,SITE-1180,2025-08-23,Weather,110,2378,0
OUT-714,SITE-1119,2026-04-02,Power Failure,45,1516,0
OUT-715,SITE-1143,2025-08-30,Hardware Fault,435,3207,1
OUT-716,SITE-1254,2025-09-04,Fiber Cut,159,574,0
OUT-717,SITE-1087,2025-07-15,Fiber Cut,450,3134,1
OUT-718,SITE-1253,2025-04-17,Congestion,49,2165,0
OUT-719,SITE-1161,2025-10-14,Fiber Cut,232,2423,0
OUT-720,SITE-1088,2026-01-08,Weather,45,3102,0
OUT-721,SITE-1008,2025-04-30,Fiber Cut,265,2341,1
OUT-722,SITE-1086,2026-05-18,Power Failure,93,1600,0
OUT-723,SITE-1153,2025-01-11,Fiber Cut,137,4805,0
OUT-724,SITE-1274,2025-11-16,Hardware Fault,199,5837,0
OUT-725,SITE-1102,2025-02-20,Fiber Cut,349,4681,1
OUT-726,SITE-1262,2025-11-27,Fiber Cut,117,2212,0
OUT-727,SITE-1094,2025-11-14,Fiber Cut,268,342,1
OUT-728,SITE-1197,2025-12-19,Fiber Cut,301,388,1
OUT-729,SITE-1090,2025-04-02,Power Failure,77,4810,0
OUT-730,SITE-1198,2026-05-17,Power Failure,293,4702,1
OUT-731,SITE-1261,2025-09-10,Congestion,248,409,1
OUT-732,SITE-1025,2025-06-10,Power Failure,161,2451,0
OUT-733,SITE-1297,2026-04-08,Power Failure,79,3887,0
OUT-734,SITE-1185,2025-05-24,Congestion,240,255,0
OUT-735,SITE-1250,2025-07-27,Congestion,84,2736,0
OUT-736,SITE-1092,2025-02-08,Congestion,131,5718,0
OUT-737,SITE-1074,2025-04-22,Power Failure,67,5064,0
OUT-738,SITE-1002,2025-12-04,Power Failure,107,247,0
OUT-739,SITE-1138,2026-01-20,Weather,81,4497,0
OUT-740,SITE-1258,2025-02-21,Fiber Cut,298,3262,1
OUT-741,SITE-1026,2026-02-03,Power Failure,99,500,0
OUT-742,SITE-1238,2025-01-27,Hardware Fault,146,3422,0
OUT-743,SITE-1140,2025-03-30,Fiber Cut,361,4323,1
OUT-744,SITE-1053,2026-03-16,Fiber Cut,247,1281,1
OUT-745,SITE-1170,2025-12-16,Fiber Cut,147,2515,0
OUT-746,SITE-1116,2025-07-27,Hardware Fault,211,3749,0
OUT-747,SITE-1040,2025-01-03,Hardware Fault,78,556,0
OUT-748,SITE-1135,2025-07-30,Congestion,20,3125,0
OUT-749,SITE-1070,2025-03-29,Power Failure,37,4281,0
OUT-750,SITE-1212,2025-10-08,Fiber Cut,211,3301,0
OUT-751,SITE-1232,2025-12-09,Power Failure,95,3316,0
OUT-752,SITE-1123,2025-08-01,Weather,175,4208,0
OUT-753,SITE-1146,2026-03-28,Congestion,101,5932,0
OUT-754,SITE-1196,2026-03-29,Weather,152,3639,0
OUT-755,SITE-1152,2025-05-15,Weather,136,5287,0
OUT-756,SITE-1135,2026-03-06,Hardware Fault,67,3582,0
OUT-757,SITE-1198,2025-03-21,Fiber Cut,152,4302,0
OUT-758,SITE-1246,2025-07-16,Congestion,62,5765,0
OUT-759,SITE-1143,2026-04-08,Power Failure,131,3452,0
OUT-760,SITE-1202,2025-05-20,Fiber Cut,167,1683,0
OUT-761,SITE-1206,2025-03-25,Hardware Fault,100,2267,0
OUT-762,SITE-1122,2026-05-03,Power Failure,77,5292,0
OUT-763,SITE-1061,2025-07-22,Congestion,67,3936,0
OUT-764,SITE-1081,2026-05-12,Hardware Fault,260,5193,1
OUT-765,SITE-1093,2025-06-18,Fiber Cut,196,1428,0
OUT-766,SITE-1193,2026-04-13,Weather,87,1423,0
OUT-767,SITE-1055,2025-06-22,Power Failure,113,310,0
OUT-768,SITE-1134,2025-07-14,Power Failure,25,3609,0
OUT-769,SITE-1165,2025-04-21,Fiber Cut,126,4371,0
OUT-770,SITE-1209,2025-04-05,Weather,86,1574,0
OUT-771,SITE-1284,2026-02-19,Hardware Fault,238,1990,0
OUT-772,SITE-1069,2026-05-24,Weather,116,1225,0
OUT-773,SITE-1172,2025-07-15,Fiber Cut,426,2801,1
OUT-774,SITE-1083,2025-02-20,Hardware Fault,189,1294,0
OUT-775,SITE-1231,2025-04-26,Congestion,96,2989,0
OUT-776,SITE-1236,2025-01-28,Fiber Cut,246,1107,1
OUT-777,SITE-1107,2026-03-29,Hardware Fault,151,4246,0
OUT-778,SITE-1069,2025-01-19,Weather,222,5221,0
OUT-779,SITE-1043,2025-01-27,Power Failure,48,3677,0
OUT-780,SITE-1166,2025-10-11,Hardware Fault,282,2319,1
OUT-781,SITE-1183,2026-01-25,Power Failure,30,947,0
OUT-782,SITE-1109,2025-08-31,Weather,119,5564,0
OUT-783,SITE-1074,2025-12-27,Fiber Cut,263,3814,1
OUT-784,SITE-1119,2025-05-30,Congestion,385,3152,1
OUT-785,SITE-1226,2025-09-26,Congestion,196,2648,0
OUT-786,SITE-1089,2025-11-22,Congestion,150,3496,0
OUT-787,SITE-1133,2025-06-23,Power Failure,16,1320,0
OUT-788,SITE-1019,2025-03-07,Hardware Fault,272,2885,1
OUT-789,SITE-1153,2025-11-03,Fiber Cut,201,4963,0
OUT-790,SITE-1101,2025-11-20,Fiber Cut,158,5702,0
OUT-791,SITE-1149,2026-02-28,Power Failure,90,2543,0
OUT-792,SITE-1284,2026-03-17,Power Failure,176,2274,0
OUT-793,SITE-1144,2025-04-03,Congestion,208,306,0
OUT-794,SITE-1193,2026-02-15,Hardware Fault,150,5348,0
OUT-795,SITE-1181,2025-09-14,Power Failure,207,2390,0
OUT-796,SITE-1182,2025-03-26,Power Failure,127,4636,0
OUT-797,SITE-1073,2025-09-22,Power Failure,102,4856,0
OUT-798,SITE-1213,2025-12-26,Hardware Fault,54,1225,0
OUT-799,SITE-1009,2026-01-10,Hardware Fault,133,3406,0
OUT-800,SITE-1071,2025-06-15,Fiber Cut,159,2283,0
OUT-801,SITE-1085,2025-12-16,Power Failure,78,1466,0
OUT-802,SITE-1230,2026-05-09,Power Failure,332,345,1
OUT-803,SITE-1215,2025-03-04,Weather,188,3996,0
OUT-804,SITE-1084,2026-02-14,Fiber Cut,165,799,0
OUT-805,SITE-1115,2026-03-13,Hardware Fault,69,5268,0
OUT-806,SITE-1012,2025-04-19,Power Failure,35,1592,0
OUT-807,SITE-1236,2025-07-22,Weather,113,4202,0
OUT-808,SITE-1083,2025-06-05,Hardware Fault,154,2716,0
OUT-809,SITE-1220,2026-02-08,Weather,198,2677,0
OUT-810,SITE-1131,2025-06-18,Weather,126,4592,0
OUT-811,SITE-1285,2025-06-18,Hardware Fault,56,5927,0
OUT-812,SITE-1113,2025-04-28,Power Failure,203,3816,0
OUT-813,SITE-1153,2026-02-28,Fiber Cut,114,2085,0
OUT-814,SITE-1042,2025-05-24,Power Failure,48,5007,0
OUT-815,SITE-1279,2025-03-17,Weather,145,5390,0
OUT-816,SITE-1077,2025-01-19,Congestion,157,362,0
OUT-817,SITE-1179,2026-04-29,Power Failure,56,1291,0
OUT-818,SITE-1222,2026-01-24,Hardware Fault,71,225,0
OUT-819,SITE-1245,2025-08-25,Power Failure,75,2969,0
OUT-820,SITE-1128,2025-05-08,Power Failure,57,2565,0
OUT-821,SITE-1074,2025-04-08,Congestion,110,3033,0
OUT-822,SITE-1007,2025-05-07,Power Failure,27,2949,0
OUT-823,SITE-1027,2026-03-22,Power Failure,345,2084,1
OUT-824,SITE-1184,2025-08-26,Power Failure,99,202,0
OUT-825,SITE-1051,2025-07-18,Weather,264,4478,1
OUT-826,SITE-1252,2025-11-24,Hardware Fault,19,1403,0
OUT-827,SITE-1028,2025-07-12,Power Failure,143,2769,0
OUT-828,SITE-1060,2025-05-12,Hardware Fault,109,5960,0
OUT-829,SITE-1085,2026-04-15,Hardware Fault,87,5227,0
OUT-830,SITE-1068,2026-01-27,Power Failure,102,5255,0
OUT-831,SITE-1053,2025-03-05,Fiber Cut,298,3282,1
OUT-832,SITE-1163,2026-04-12,Fiber Cut,214,5278,0
OUT-833,SITE-1177,2026-03-24,Weather,177,5859,0
OUT-834,SITE-1122,2025-04-11,Weather,64,5595,0
OUT-835,SITE-1004,2025-07-19,Congestion,389,3621,1
OUT-836,SITE-1281,2026-01-19,Fiber Cut,238,3406,0
OUT-837,SITE-1059,2026-01-11,Fiber Cut,220,373,0
OUT-838,SITE-1074,2025-01-05,Congestion,55,5253,0
OUT-839,SITE-1209,2025-04-12,Fiber Cut,147,3554,0
OUT-840,SITE-1152,2026-05-04,Hardware Fault,179,986,0
OUT-841,SITE-1009,2025-09-19,Congestion,102,2912,0
OUT-842,SITE-1013,2025-10-08,Weather,154,5038,0
OUT-843,SITE-1178,2025-10-23,Fiber Cut,129,1565,0
OUT-844,SITE-1009,2025-05-16,Congestion,42,2501,0
OUT-845,SITE-1245,2025-02-03,Fiber Cut,187,4286,0
OUT-846,SITE-1272,2025-04-01,Power Failure,343,748,1
OUT-847,SITE-1249,2025-01-16,Fiber Cut,194,529,0
OUT-848,SITE-1246,2025-06-24,Power Failure,44,2441,0
OUT-849,SITE-1166,2025-08-27,Power Failure,265,3311,1
OUT-850,SITE-1183,2025-02-12,Power Failure,67,218,0
OUT-851,SITE-1174,2025-06-17,Fiber Cut,246,3075,1
OUT-852,SITE-1146,2025-10-14,Hardware Fault,91,3078,0
OUT-853,SITE-1204,2025-03-25,Congestion,108,1492,0
OUT-854,SITE-1049,2026-04-17,Hardware Fault,164,4799,0
OUT-855,SITE-1028,2025-09-13,Power Failure,19,3737,0
OUT-856,SITE-1183,2026-01-20,Hardware Fault,256,4088,1
OUT-857,SITE-1103,2025-06-24,Power Failure,248,2118,1
OUT-858,SITE-1118,2025-11-02,Weather,262,2630,1
OUT-859,SITE-1084,2025-05-22,Power Failure,239,846,0
OUT-860,SITE-1025,2025-06-21,Power Failure,24,549,0
OUT-861,SITE-1225,2026-05-10,Weather,62,1666,0
OUT-862,SITE-1265,2025-07-13,Fiber Cut,425,3189,1
OUT-863,SITE-1244,2025-08-01,Power Failure,42,830,0
OUT-864,SITE-1030,2025-10-04,Power Failure,122,801,0
OUT-865,SITE-1143,2025-06-29,Hardware Fault,90,3571,0
OUT-866,SITE-1148,2025-07-04,Power Failure,159,4482,0
OUT-867,SITE-1096,2026-01-13,Power Failure,112,2797,0
OUT-868,SITE-1195,2025-10-03,Congestion,233,2566,0
OUT-869,SITE-1222,2025-08-21,Hardware Fault,82,2024,0
OUT-870,SITE-1269,2025-03-14,Hardware Fault,52,3146,0
OUT-871,SITE-1089,2026-05-01,Congestion,107,1958,0
OUT-872,SITE-1157,2026-05-04,Weather,114,5960,0
OUT-873,SITE-1280,2025-11-29,Power Failure,17,3271,0
OUT-874,SITE-1236,2025-02-25,Power Failure,168,5366,0
OUT-875,SITE-1115,2025-09-11,Power Failure,90,513,0
OUT-876,SITE-1278,2025-08-04,Power Failure,131,5710,0
OUT-877,SITE-1189,2025-08-03,Hardware Fault,184,3065,0
OUT-878,SITE-1015,2026-04-20,Power Failure,212,3328,0
OUT-879,SITE-1045,2025-04-13,Fiber Cut,195,301,0
OUT-880,SITE-1012,2025-07-24,Power Failure,31,2322,0
OUT-881,SITE-1023,2025-11-27,Fiber Cut,280,4124,1
OUT-882,SITE-1191,2025-02-08,Power Failure,66,1529,0
OUT-883,SITE-1176,2025-02-14,Hardware Fault,187,3759,0
OUT-884,SITE-1118,2026-04-03,Hardware Fault,211,1509,0
OUT-885,SITE-1191,2025-08-17,Weather,78,375,0
OUT-886,SITE-1045,2025-04-15,Power Failure,187,4542,0
OUT-887,SITE-1181,2025-08-16,Power Failure,212,1229,0
OUT-888,SITE-1201,2025-02-10,Weather,111,2326,0
OUT-889,SITE-1032,2025-02-19,Hardware Fault,69,5847,0
OUT-890,SITE-1288,2025-04-20,Power Failure,58,2705,0
OUT-891,SITE-1219,2025-08-11,Power Failure,114,3307,0
OUT-892,SITE-1094,2025-07-02,Power Failure,178,4948,0
OUT-893,SITE-1270,2025-09-18,Power Failure,176,4647,0
OUT-894,SITE-1216,2025-02-11,Fiber Cut,221,5481,0
OUT-895,SITE-1211,2026-01-27,Weather,189,1163,0
OUT-896,SITE-1247,2026-05-18,Hardware Fault,56,4393,0
OUT-897,SITE-1153,2026-04-22,Power Failure,122,5503,0
OUT-898,SITE-1019,2025-01-30,Power Failure,59,3281,0
OUT-899,SITE-1112,2025-10-21,Power Failure,121,3021,0
